"","z","log10T90","log10Fluence","log10PeakFlux","PhotonIndex","log10NH","log10Fa","log10Ta","Alpha","Beta","Gamma","log10T90Err","log10FluenceErr","log10PeakFluxErr","PhotonIndexErr","log10FaErr","log10TaErr","AlphaErr","BetaErr","Class"
"1",1.949,1.9804578922761,-5.492144128,0.285557309,2.11,21.91683806,-11.3757179,4.86356,1.10818,0.856,1.99544,0.0636907468526031,0.0119343109944412,0.0300030730163057,0.054545454545455,0.032450000000001,0.04512,0.049165,0.001,"0"
"2",1.44,1.50514997831991,-5.966576245,0.499687083,1.9,20.92661714,-11.15490196,4.132084541,1.874408221,0.95,1.98053,0.148833498120448,0.0187658109674778,0.016658783334164,0.060606060606061,0.06181969,0.043780336,0.0859065195,0.037,"0"
"3",3.24,2.1832698436828,-5.882728704,0.181843588,2.02,20.93735437,-10.70553377,3.73997,0.863159,0.971,2.01045,0.0311991209237988,0.0297365640854658,0.036364370489667,0.115151515151515,0.04165,0.06193,0.034558,0.009,"1"
"4",2.9,1.52244423350632,-5.085128182,1.029383778,1.4,22.12570242,-9.653647026,3.12435,0.984108,0.9995,1.78711,0.00815583518093314,0.0097982829257281,0.022631035007725,0.042424242424242,0.019455000000001,0.02833,0.0260615,0.0174145,"1"
"5",4.27,1.7701152947871,-5.603800653,0.267171728,1.41,22.23063027,-11.04817696,4.270583544,1.462094791,0.973,2.01835,0.0504266082791868,0.018921434167657,0.0441052545503497,0.072727272727273,0.03272177,0.030067592,0.035926291,5e-04,"1"
"6",3.967,2.19451434188247,-5.623423043,-0.259637311,1.53,21.73850309,-10.09854168,4.05018,2.38763,0.5615,1.6177,0.0500432094331858,0.0168099723091123,0.0669985978354264,0.066666666666667,0.0266,0.017795,0.0538,0.0002104915,"1"
"7",1.7102,1.27875360095283,-5.698970004,0.439332694,1.54,21.25883595,-10.28650946,3.63973,1.44729,0.8585,1.8557,0.233102740828459,0.020661888971532,0.0421134042893105,0.078787878787879,0.0275,0.0326,0.03274,0.0023696055,"0"
"8",3.5,1.94398887507377,-5.66756154,-0.017728767,1.38,21.34755638,-10.86012091,4.21721,1.52234,1.218,2.11696,0.0515724807353036,0.0165270627330643,0.0301593390238071,0.066666666666667,0.048900000000001,0.04766,0.048695,0.2248562595,"1"
"9",0.8278,1.3541084391474,-6.575118363,-0.301029996,2.76,20.9708274,-12.23882419,5.08558,0.954481,0.86,1.94709,0.0782292570053204,0.0514543473223617,0.0789626331344129,0.23030303030303,0.06855,0.12722,0.0899785,0.01,"0"
"10",6.29,2.24104815067164,-5.316052869,-0.207608311,1.25,22.39388568,-11.4544,4.6841,0.897942,0.848,1.90813,0.0268161033381255,0.00980902273641476,0.0721701485906705,0.042424242424242,0.29485,0.098475,0.06727,0.01,"1"
"11",3.53,2.14488541828714,-5.76700389,-0.060480747,1,21.43355223,-11.29499204,3.69688,0.889919,1,2.10553,0.0469357822525134,0.0230884892235729,0.0363046588524031,0.303030303,0.0812,0.123015,0.053884,0.085,"1"
"12",2.296,2.8750612633917,-6.336299075,-0.050609993,1.84,21.9172644,-10.6893,4.47599,1.3641,0.99,2.00895,0.000756704468551373,0.0302604450950157,0.0532332357362408,0.115151515151515,0.04445,0.036665,0.01627,0.076380116,"0"
"13",4.048,0.880813592280791,-6.080398976,0.445604203,1.2,22.33966406,-10.63078414,3.93814,1.17565,1.265,2.20424,0.110491399401039,0.0133029706675924,0.0160378107896306,0.1818181818,0.07055,0.07444,0.02867,0.0130418865,"1"
"14",3.91,2.40654018043396,-5.11577123,0.434568904,1.53,22.3877421,-10.66756154,4.15028,1.20511,0.979,2.08163,0.207740120984255,0.0140538367709601,0.027095021154743,0.054545454545455,0.0292,0.030365,0.02297,0.083622271,"1"
"15",0.0331,3.32221929473392,-5.804100348,-0.602059991,2.26,21.59972155,-11.82390874,5.07614,1.3185,0.964,2.24976,0.0457201048952623,0.0254826332026628,0.115811861753411,0.103030303030303,0.160200000000001,0.14064,0.108235,0.003,"0"
"16",1.559,1.78675142214556,-5.671620397,0.775974331,1.8,21.61973178,-10.70553377,3.61496,1.03794,0.76,2.28823,0.0249708024009658,0.014581519111212,0.0141083431552143,0.060606060606061,0.03495,0.04452,0.02498,0.01,"0"
"17",1.489,2.01325866528352,-5.079354999,0.814247596,1.7,21.65363309,-9.792961075,3.11887,1.47655,0.98,1.94118,0.1906297253529,0.0079942161609691,0.0141293055003077,0.036363636363636,0.049040000000001,0.057245,0.044705,0.005,"0"
"18",3.221,2.47450763911698,-5.899629455,0.222716471,2.01,21.0163605,-11.3053948,3.8752,1.05873,0.93,1.90677,0.0335671166656554,0.034467816033398,0.0283698082994557,0.145454545454545,0.06785,0.09216,0.0623145,0.0305,"1"
"19",2.1357,1.97772360528885,-6.395773947,-0.468521083,2.01,21.99003057,-11.76955108,4.45991,1.21596,1.02,2.1711,0.0777158546563714,0.0694033093482565,0.100638650005198,0.254545454545455,0.04195,0.04994,0.04695,0.0547943805,"0"
"20",3.78,1.89817648349768,-6.156767222,-0.337242168,1.55,21.77333803,-11.26121944,4.04162,1.9179,0.835,2.02128,0.192243471662561,0.0339867861224412,0.0686631591438462,0.121212121212121,0.05315,0.037375,0.085,0.10149311,"1"
"21",0.125,2.03622954408629,-4.690369833,1.06069784,2.02,20.51216256,-11.78251606,5.03344,1.9453,0.783,1.89544,0.0132262962918867,0.00468356794668692,0.0169369126150239,0.024242424242424,0.0429,0.0289,0.05983,0.006,"0"
"22",1.92,1.00860017176192,-6.306273051,0.28780173,1.68,20.79066861,-10.86966623,3.50569,1.12969,1.485,2.20484,0.153333382301668,0.019714017700399,0.0189944478152724,0.072727272727273,0.06115,0.062725,0.028525,0.3341015195,"0"
"23",2.711,2.06069784035361,-5.548213564,0.10720997,1.93,22.0125926,-10.86012091,3.73449,1.20488,0.87,2.04425,0.0344768087771092,0.0155321080197879,0.026732141383355,0.066666666666667,0.035200000000001,0.046765,0.035305,0.005,"1"
"24",0.54,2.0618293072947,-5.583359493,0.068185862,1.75,20.86562801,-11.15058059,5.1057,1.35481,1.317,1.92492,0.12770239254628,0.0212785639737521,0.0292454196396912,0.084848484848485,0.011600000000001,0.012825,0.013425,0.077392286,"0"
"25",1.9229,2.16226561429802,-4.835647144,0.861534411,1.53,22.00679538,-10.91009489,4.22387,1.29504,0.97,2.11591,0.0146412491857506,0.00430869161989862,0.0104993872461393,0.018181818181818,0.035299999999999,0.034855,0.024565,0.005,"0"
"26",3.686,1.63848925695464,-5.655607726,0.294466226,2.03,22.41960057,-11.8827287,4.33479,1.71887,1.06,2.07859,0.0815374132566299,0.0161974631827828,0.0374103845495022,0.066666666666667,0.08845,0.072145,0.169635,0.005,"1"
"27",1.8836,1.28555730900777,-5.552841969,0.481442629,1,21.80952201,-9.627087997,2.81918,1.38309,1.185,2.13395,0.0299356102082822,0.0104343479500535,0.0217168957598539,0.1818181818,0.045185,0.05993,0.04964,0.0034749535,"0"
"28",3.2,0.903089986991944,-6.659555885,0.037426498,2.54,22.50004427,-10.84771166,3.351,1.45111,1.357,2.00443,0.0658325115271916,0.0300466640198818,0.0338066318922117,0.139393939393939,0.08245,0.09927,0.11561,0.009157091,"1"
"29",5.47,1.35218251811136,-5.946921557,0.431363764,0.9,22.10710478,-10.77728353,3.15198,1.39098,0.83,1.94856,0.0249820977926045,0.0158391122565265,0.0165724044782448,0.2424242424,0.08115,0.108435,0.118785,0.178498106,"1"
"30",0.3463,1.66464197555613,-5.528708289,0.78604121,1.3,20.87141063,-10.04095861,3.23849,1.01707,0.785,1.99282,0.0507507175199213,0.00898111029446789,0.0116311570876723,0.036363636363636,0.0264,0.03399,0.010415,0.0168000365,"0"
"31",1.314,1.91009054559407,-4.863279433,1.324282455,1.41,21.75351565,-10.03011836,3.78753,1.35185,0.9485,1.90181,0.246407281873044,0.00382325157840621,0.0057382008275868,0.018181818181818,0.01265,0.01703,0.01585,0.0023582105,"0"
"32",0.111,-0.119186407719209,-6.476253533,0.586587305,0.81,21.16656331,-10.4134127,3.49343,1.98937,0.145,1.65934,0.0565465973564365,0.0212773562081293,0.0211385286996785,0.090909090909091,0.093649999999999,0.093885,0.169505,0.061048094,"0"
"33",2.352,1.94645226501307,-5.790484985,-0.22184875,1.58,21.3989672,-11.04866248,4.26825,1.42725,1.186,2.08596,0.0711281657048759,0.0175472517755912,0.0526417554287148,0.072727272727273,0.05475,0.053995,0.046555,0.1216678795,"0"
"34",1.165,1.67851837904011,-6.351639989,-0.045757491,1.94,21.8647258,-10.86327943,3.44468,1.2125,1.14,2.20341,0.206015982011363,0.0597395201502247,0.0643399233100112,0.218181818181818,0.161899999999999,0.14114,0.06357,0.015,"0"
"35",1.6295,1.94694327069783,-5.769551079,-0.161150909,1.85,21.70173804,-11.86327943,4.22335,0.991734,1.03,2.25837,0.0396768796607278,0.0185794430922578,0.0572192992938745,0.072727272727273,0.16615,0.203105,0.079308,0.06,"0"
"36",1.4959,2.32118402730231,-5.269217724,0.609594409,1.66,22.44245468,-11.2737,4.86926,1.89982,0.831,1.94468,0.134263479543134,0.0139921394309921,0.0135807968501197,0.060606060606061,0.0335,0.02824,0.06188,0.001,"0"
"37",0.82,1.32014628611105,-4.707743929,1.382017043,1.1,21.89306622,-9.161150909,3.02525,1.37377,0.764,1.82568,0.015292234035637,0.00366612225284185,0.00666213086135178,0.06060606061,0.010795,0.01189,0.013355,5e-04,"0"
"38",2.0865,1.57863920996807,-5.096367484,0.814913181,1.1,22.27524914,-10.01233374,3.55243,1.44502,0.98,2.00022,0.032307204601571,0.00581622391039878,0.0108830581640121,0.1212121212,0.04901,0.04844,0.0562,0.147518075,"0"
"39",2.4996,2.03822263836872,-5.590066877,0.155336037,1.34,22.56252244,-10.24641694,3.09323,1.21432,0.76,1.97999,0.0794726285854208,0.0250918873122187,0.066262349503112,0.096969696969697,0.0552,0.068045,0.03501,0.015,"0"
"40",2.45,1.2148438480477,-6.552841969,-0.397940009,1.79,21.91375294,-11.6716204,3.92184,1.16348,0.78,1.99014,0.0799687771478019,0.0470015673425834,0.0658021942774571,0.163636363636364,0.17395,0.236245,0.2088785,0.045,"0"
"41",0.2187,0.113943352306837,-7,0.079181246,1.69,20.80619355,-11.9625735,4.18985,1.17521,0.396,1.37246,0.0907104153663573,0.0263208776911062,0.0438681294899875,0.133333333333333,0.1917,0.206985,0.395643,0.0595,"0"
"42",1.60435,2.17609125905568,-5.080921908,0.799340549,1.36,20.86974084,-11.67760082,4.78411,1.97901,0.837,1.91015,0.0130126209865144,0.00951357025803561,0.0167116683927593,0.042424242424242,0.135899999999999,0.098505,0.183105,0.032,"0"
"43",2.145,0.6232492903979,-5.638272164,0.924279286,1.11,20.99642367,-9.169411331,2.311950854,1.119196934,0.844,1.59788,0.0601790284074954,0.0114438598661619,0.00940031346244879,0.03030303030303,0.035099822,0.039262062,0.011153209,0.001,"0"
"44",1.331,0.819543935541869,-5.619788758,1.053078443,1.57,22.04291793,-11.23542972,3.901990464,1.104952391,0.94,2.0457,0.120079755797505,0.0109670323640116,0.00931712485678028,0.036363636363636,0.101024385,0.117162967,0.089387802,0.01,"0"
"45",2.42,2.56229286445647,-5.638272164,0.113943352,2.32,21.4933967,-11.3990271,4.32608056,1.59590648,0.878,2.09352,0.0207018675106699,0.0228877197323238,0.0404936580149266,0.096969696969697,0.042473429999999,0.03798676,0.0652763515,0.0375,"0"
"46",1.03,1.7481880270062,-4.578396073,1.635483747,1.75,21.57289018,-10.11350927,4.20932562,1.28909841,0.91,1.97674,0.00776276207959923,0.000997002942546105,0.00548351618331015,0.018181818181818,0.06043543,0.049275581,0.010296793,0.001,"0"
"47",0.767,1.20951501454263,-5.920818754,0.414973348,1.73,21.51787914,-11.17198494,4.21762911,0.99269763,0.82,2.03541,0.0585255609480744,0.0219340647449938,0.0202468289917981,0.054545454545455,0.028180965,0.038388523,0.020935069,0.013,"0"
"48",3.2,0.763427993562937,-6.585026652,0.255272505,1.82,22.03528962,-11.12090412,3.77452827,0.94016916,1.48,2.3315,0.0159503209463535,0.0404936579835962,0.0438681294956119,0.163636363636364,0.077803665,0.111057696,0.084888358,0.03,"1"
"49",3.036,1.89762709129044,-4.619788758,1.36361198,1.31,22.38386741,-10.0540393,3.46298403,1.7256074,1.06,2.03418,0.0180592945364855,0.00731135491027843,0.0125337512783664,0.024242424242424,0.11042072,0.069659314,0.0376373875,0.02,"1"
"50",3.35,2.02530586526477,-5.337242168,0.301029996,1.34,21.45079548,-9.931814138,3.2687548,1.44529526,1.079,2.11482,0.0177699795120678,0.0114438598573077,0.0263208776707413,0.036363636363636,0.031830706,0.039738688,0.036139295,0.0015,"1"
"51",1.692,2.44715803134222,-5.602059991,0.322219295,1.77,21.51035195,-11.1260984,4.08450503,1.76031774,0.99,2.13864,0.0322625499126953,0.0210567021369837,0.0125337512738001,0.072727272727273,0.064484035,0.047916769,0.075970735,0.0375,"0"
"52",0.5295,1,-6.148741651,0.414973348,2.51,21.69605744,-10.58502665,3.58176278,1.00469263,0.92,2.102,0.127558078761821,0.0296573269567103,0.0404936579835962,0.121212121212121,0.053161115,0.084284398,0.039134851,0.005,"0"
"53",1.9685,2.26834391395106,-5.366531544,0.113943352,1.69,21.1376737,-10.79317412,3.85550833,1.47398467,0.84,1.98207,0.0944541322655463,0.0122422686816868,0.0202468290074635,0.042424242424242,0.06052989,0.056285684,0.063988679,0.025,"0"
"54",3.8479,2.43136376415899,-5.677780705,-0.301029996,1.43,21.49704581,-11.86327943,4.48156171,2.51960373,0.87,1.95818,0.0734806588271915,0.0250675025476,0.105283510845884,0.109090909090909,0.083250805000001,0.04285341,0.169198521,0.001,"1"
"55",2.26,1.53147891704226,-4.742321425,1.260071388,1.21,21.57331844,-9.354577731,2.93195749,1.23586126,0.991,2.4947,0.0102431891749236,0.00436257641157646,0.00723101035445099,0.078787878787879,0.0249855,0.031176651,0.0128618565,5e-04,"0"
"56",2.1,1.78318869107526,-6.086186148,-0.15490196,1.97,20.67248024,-11.32975415,3.66959365,0.99376498,1.02,2.08621,0.0985519956186671,0.0256789050871822,0.037601253845672,0.096969696969697,0.070144399999999,0.08735027,0.040381418,0.02,"0"
"57",1.547,1.43136376415899,-7.167491087,0.740362689,1.36,21.72376179,-9.457174573,3.15380077,1.42487631,0.667,1.76997,0.0360303570746831,0.0116121519146922,0.0382849130488151,0.048484848484849,0.036239983,0.041590346,0.0217865955,0.0026734575,"0"
"58",4.6497,0.944482672150169,-6.721246399,-0.301029996,2.15,21.81792086,-11.3419886,3.70655,1.29089,1.01,2.03416,0.0885407574015026,0.0415592805603905,0.0526417554229422,0.139393939393939,0.13445,0.114585,0.084185,0.025,"1"
"59",8.26,1.01283722470517,-6.229147988,0.230448921,0.8,22.7516324,-11.2798407,3.91521772,1.43267533,0.77,1.8158,0.0447672759550477,0.017844662826724,0.0309657384870962,0.303030303030303,0.08569564,0.077643595,0.064053366,0.005,"1"
"60",0.544,1.68124123737559,-4.677780705,1.851258349,1.19,21.63012977,-9.050609993,2.99599056,1.1284106,0.924,1.96315,0.0205611924426625,0.0114438598661619,0.00741433173917757,0.090909090909091,0.0112570985,0.013394814,0.0055468865,0.006,"0"
"61",0.903,-0.522878745280338,-6.468521083,0.986771734,0.98,20.64281656,-10.11463878,3.17793555,2.00074629,0.6405,1.75106,2.43249021405519,0.0309657384631377,0.0298484180185221,0.121212121212121,0.042229995000001,0.035002467,0.071440408,0.0084862475,"0"
"62",3.85,1.80617997398389,-5.920818754,-0.22184875,1.02,22.13069392,-11.76000021,3.44619,1.42452,0.63,1.46604,0.0559162050281416,0.0219340647449938,0.0877362590478575,0.121212121212121,0.21145,0.24029,0.3065,0.03,"1"
"63",2.625,2,-6.167491087,-0.397940009,2,21.58733599,-12.1873998,4.472757799,0.8815438,0.64,2.22623,0.0457201048952623,0.0658021941832558,0.0658021942774571,0.181818181818182,0.11547934,0.21900534,0.113675222,0.125,"1"
"64",1.266,1.68124123737559,-5.958607315,0.397940009,1.61,20.90942658,-11.16052195,3.6839464,0.88610581,1.09,2.03975,0.323703994596241,0.023928070636996,0.0315850532054756,0.103030303030303,0.089175625,0.115365029,0.0385142015,0.035,"0"
"65",0.54,2.05384642685225,-3.978810701,1.589949601,1.42,21.39200012,-9.640164518,3.67275453,1.30942861,0.8945,1.82831,0.00227712475567841,0.00250675025669951,0.00541303397652361,0.048484848484849,0.0096952545,0.014245613,0.010591616,0.0024826615,"0"
"66",2.452,1.82412583391655,-5.236572006,0.556302501,1.24,21.77771022,-10.16730017,3.52924,1.37252,0.53,1.88559,0.0954430381526363,0.00907616471193707,0.0146227098205568,0.03030303030303,0.10615,0.13258,0.08412,0.015,"0"
"67",1.37,0.342422680822206,-6.698970004,0.301029996,1.8,21.01785522,-11.6716204,4.20121889,1.13087741,0.92,2.06549,0.0791400972381197,0.0394813165061122,0.0263208776707413,0.121212121212121,0.076268475,0.093241949,0.074843971,0.01,"0"
"68",0.971,0.643452676486187,-5.853871964,1.012837225,1.77,21.19187281,-9.627087997,2.89655535,1.18074867,0.91,1.98015,0.0593271632865009,0.0188006269082896,0.0102217000672768,0.145454545454545,0.0242886035,0.034497878,0.016335114,0.002061639,"0"
"69",1.71,1.53907609879278,-5.431798276,0.62324929,1.53,21.70587483,-9.71219827,2.95265011,1.17417264,0.895,2.08587,0.0611908230521248,0.00711375072842337,0.0188006269394438,0.042424242424242,0.034480687,0.045271255,0.018244861,0.0021828875,"0"
"70",2.752,1.59328606702046,-5.619788758,0.255272505,1.46,21.45058625,-11.34678749,4.30368998,1.12123368,1.064,2.11535,0.0535069670726848,0.0109670323640116,0.0146227098318707,0.163636363636364,0.02563352,0.034224003,0.0267820245,0.002,"1"
"71",0.49,0.851258348719075,-5.045757491,1.667452953,2.05,20.87872913,-9.844663963,3.98466812,1.39581701,0.758,1.80187,0.00919722888036692,0.00877362590591064,0.0152830902683826,0.042424242424242,0.0185625155,0.021935207,0.013587309,0.00244132,"0"
"72",0.6528,0.397940008672038,-6.435333936,0.688419822,3.08,21.75162856,-10.5559552,2.99481,0.842217,0.9,2.06183,0.0771432232470903,0.0265360347448561,0.0258893878930529,0.133333333333333,0.0484,0.070765,0.0149485,0.005,"0"
"73",2.6147,1.41497334797082,-5.463441557,0.389166084,1.25,21.61964524,-10.01818139,3.750945731,1.136499703,0.9,1.96878,0.378773543258101,0.0185164313807078,0.0247093954042276,0.072727272727273,0.266741013,0.238477529,0.012525701,0.0405,"1"
"74",2.198,0.653212513775344,-5.790484985,0.860936621,1.37,21.44930866,-9.477555766,2.52429,1.22035,1.064,2.2119,0.0434736058858943,0.0087736258877956,0.0116014887814568,0.036363636363636,0.031940000000001,0.034305,0.013275,0.013,"0"
"75",0.9364,0.602059991327962,-6.769551079,0.113943352,2.4,21.71466751,-11.59006688,4.25742,1.14771,0.73,1.89482,0.0509829166417497,0.0340623123358059,0.0323949264119413,0.139393939393939,0.04535,0.058175,0.04854,0.005,"0"
"76",2.346,1.5705429398819,-5.657577319,0.595496222,1.51,21.97057233,-10.51999306,3.91123,1.22299,1.06,2.06584,0.0827679937558025,0.0325421760411363,0.0460949380699723,0.121212121212121,0.048150000000001,0.04637,0.019155,0.0547943805,"0"
"77",0.5465,0.146128035678238,-5.93930216,1.079181246,1.39,21.27394758,-11.69464863,4.20075,1.09586,0.89,2.0589,0.0635863098514522,0.00801070191251132,0.00855428525054755,0.036363636363636,0.063000000000001,0.085085,0.05576,0.005,"0"
"78",4.41,1.05307844348342,-6.171984936,0.130333768,1.74,22.49782636,-10.9636,2.78682,1.1892,0.81,2.01015,0.0421049044083316,0.018772691379267,0.035094503628142,0.072727272727273,0.1982,0.23477,0.18005,0.045,"1"
"79",1.5026,1.45331834004704,-5.63638802,0.227886705,1.46,21.45692297,-10.55284197,3.3865,0.897152,0.87,2.02719,0.150287880726656,0.0116222057308489,0.0327064160367775,0.048484848484849,0.05675,0.075085,0.0205255,0.015,"0"
"80",4.9,2.43964842956347,-5.390405591,-0.244125144,1.78,22.00215742,-12.2656,4.43617,1.00735,1.38,2.1317,0.0335971370177898,0.0113820011696242,0.0507946762076895,0.048484848484849,0.2206,0.31628,0.2313695,0.03,"1"
"81",3.0749,2.00945089579869,-5.59345982,0.146128036,1.47,21.79614607,-11.02273379,4.37412,1.97901,0.564,1.61002,0.132029607628615,0.0115605423699981,0.0244408149807766,0.048484848484849,0.076099999999999,0.02584,0.18005,0.0120771535,"1"
"82",0.703,2.23426412437879,-5.790484985,0.387389826,1.64,21.59122827,-11.11633856,3.87074,1.36265,1.58,2.18877,0.0287243616501434,0.0232338611473106,0.0226532144239483,0.084848484848485,0.08665,0.081295,0.04215,0.136141492,"0"
"83",0.937,0.698970004336019,-5.869666232,0.933487288,1.74,21.36738202,-10.1079054,2.455171016,1.045731532,0.63,1.8948,0.050378159861502,0.0120881068052489,0.0134978859907368,0.054545454545455,0.147419953,0.156564864,0.0289377855,0.0785,"0"
"84",0.7578,1.60959440922522,-5.974694135,-0.27572413,1.67,22.56660835,-8.33235,2.24983,2.26312734,1.98,1.82722,0.0429439501560867,0.0188715726956945,0.0595944400005547,0.072727272727273,0.2103,0.03335,0.01565,0.0015,"0"
"85",2.088,1.85369821177617,-5.097453221,0.930949031,1.35,22.56660835,-9.954677021,3.92091,1.35061,0.86,1.92748,0.0973208923032497,0.00520487944706068,0.00802277632160302,0.024242424242424,0.02311,0.024435,0.018075,0.005,"0"
"86",0.923,1.80617997398389,-6.142667504,0.431363764,1.36,21.64321572,-10.74232143,3.22974,1.64623,0.93,2.07429,0.0570608478015689,0.0329010971465546,0.0194969464449939,0.115151515151515,0.09935,0.0946,0.108425,0.005,"0"
"87",3.626,2.53147891704225,-5.443697499,0.176091259,1.34,21.89473409,-10.50863831,3.94739,2.5054,0.52,1.52512,0.02723308288672,0.0146227098205568,0.0526417553889616,0.066666666666667,0.3648,0.10084,0.09144,0.01,"1"
"88",2.17,1.04139268515822,-6.161150909,0.278753601,2.04,21.93100401,-10.77728353,3.36583,1.36994,1.02,2.17076,0.197037086504463,0.0228877197175498,0.0277061870402603,0.084848484848485,0.06175,0.07187,0.077915,0.01,"0"
"89",0.937,1.69897000433602,-4.091514981,1.394451681,1.04,20.8771334,-12.15181088,5.36799912,1.42250979,0.73,1.81426,0.00155572021085996,0.0032494910720681,0.00530662856463182,0.012121212121212,0.097779455,0.087626454,0.075139905,0.6,"0"
"90",1.95,1.53147891704226,-5.443697499,0.716003344,1.37,21.75037415,-8.91721463,3.19029,1.45203,1.94,1.61029,0.11349174293427,0.00731135491027843,0.0151851217320997,0.042424242424242,0.05004,0.04713,0.02854,0.199995173,"0"
"91",2.374,2.10720996964787,-5.744727495,-0.301029996,1.78,22.33533151,-10.11125904,3.67820615,1.36946226,0.375,1.86248,0.0951998385488903,0.0292454196637412,0.0526417554229422,0.090909090909091,0.03236457,0.038825489,0.0333017515,0.00558525,"0"
"92",0.6887,1.77815125038364,-5.397940009,0.431363764,1.17,21.7431239,-10.75269955,3.60698,0.998947,0.83,1.88453,0.045788373456409,0.00658021942774567,0.0194969464449939,0.127272727272727,0.0592,0.073495,0.0260505,0.01,"0"
"93",3.038,2.41497334797082,-5.431798276,-0.301029996,1.25,20.90308999,-11.3994,4.75426,2.20023,0.945,2.51,0.0544346314310819,0.0142275014568467,0.0526417554229422,0.23030303030303,0.057200000000001,0.03025,0.054715,5e-04,"1"
"94",2.1,2.46834733041216,-5.113509275,0.462397998,1.54,21.66176916,-10.9243983,4.02089,1.86904,0.82,2.03508,0.122562443756652,0.0102548874161921,0.0181523294379188,0.036363636363636,0.05695,0.03932,0.064395,0.0325,"0"
"95",1.608,1.7481880270062,-5.337242168,0.278753601,1.48,22.02365981,-10.04720756,3.52813657,1.52909667,0.98,2.03408,0.0320230997075472,0.0114438598573077,0.0415592805603905,0.042424242424242,0.028659405,0.030759021,0.0421545135,0.003531332,"0"
"96",4.109,2.32221929473392,-5.045757491,0.204119983,1.84,21.19589965,-11.27490548,4.33113504,1.76098314,0.502,2.09,0.13235641353242,0.0175472518118213,0.0329010970878163,0.066666666666667,0.03779605,0.029715315,0.0533515885,0.4790870845,"1"
"97",3.076,1.68124123737559,-5.795880017,0.113943352,1.31,21.89596701,-11.14630179,3.37933883,1.06152816,0.89,1.96352,0.151171637016717,0.0329010970878164,0.0809873160298532,0.151515151515152,0.05941034,0.074268877,0.0337195715,0.03,"1"
"98",1.063,1.17318626841227,-5.48148606,1.181843588,1.74,21.91211094,-10.18045606,3.31388094,1.1606541,0.86,2.03333,0.084460753389473,0.0159520470810336,0.0173163668998415,0.066666666666667,0.036806415,0.052928177,0.030502454,0.034663611,"0"
"99",4.6667,1.27415784926368,-6.431798276,-0.397940009,1.34,21.9953293260505,-12.13548892,4.7218991,1.81152426,0.46,1.58721,0.153567256519102,0.0426825043705403,0.0658021942774571,0.151515151515152,0.326395625,0.103773463,0.11299,0.005,"1"
"100",1.18,0.57978359661681,-6.698970004,0.113943352,2.23,21.41315218,-11.1481304,3.5543767,1.36246063,1.08,2.23535,0.0508837165997665,0.0263208776707414,0.0202468290074635,0.109090909090909,0.10431242,0.207348761,0.13322096,0.02,"0"
"101",1.755,1.56820172406699,-6.327902142,0.146128036,2.42,20.53466438,-11.50168945,3.60199415,0.86819371,1.46,2.17077,0.0442926372645721,0.0504016806776366,0.0376012538165791,0.193939393939394,0.070859065000001,0.115125536,0.0550768945,0.035,"0"
"102",4.772,1.92427928606188,-5.853871964,-0.22184875,1.62,22.05240534,-11.57186521,3.74522911,0.96306136,1.36,2.25722,0.0768849139149974,0.0188006269082896,0.0438681295239291,0.084848484848485,0.09817689,0.128616618,0.0615694365,0.025,"1"
"103",0.542,1.80345711564841,-4.677780705,1.10720997,1.9,22.28454803,-9.804100348,3.64164386,0.94079321,0.27,2.3024,0.0114965181773217,0.0125337512945695,0.00616895570385114,0.018181818181818,0.041282476499999,0.060455075,0.024177265,0.1506797915,"0"
"104",0.452,-0.481486060122112,-6.638272164,0.414973348,0.9,20.33244048,-10.87942607,2.43862257,1.84657968,1.08,2.40449,0.0394813165366593,0.0228877197323238,0.0202468289917981,0.060606060606061,0.36164147,0.239414064,0.242981501,0.175,"0"
"105",3.6,2.29556709996248,-5.22184875,0.633468456,1.73,21.52730245,-10.35163999,3.62503495,1.01294211,1.29,2.11575,0.0511462885111969,0.00877362590478576,0.0122422686816868,0.036363636363636,0.04763446,0.053639373,0.0181399595,0.01,"1"
"106",1.288,0.146128035678238,-6.795880017,0.278753601,1.92,21.01720452,-10.67778071,2.86502502,1.11237691,0.83,1.94442,0.0483291324172893,0.0329010970878163,0.0277061870402603,0.127272727272727,0.14742817,0.168928757,0.0650028685,0.05,"0"
"107",1.567,2.29776051109913,-4.420216403,0.707570176,1.18,21.52592288,-10.17587417,4.03148606,1.5588143,0.96,1.90402,0.0276692267878469,0.00464486077306445,0.0103219128223693,0.012121212121212,0.0760751,0.053762484,0.034265796,0.005,"0"
"108",1.44,2.2417954312952,-5.045757491,0.397940009,1.47,20.89608288,-11.49349497,5.22729477,1.76532941,1.1425,1.89414,0.0235643330357211,0.00584908393727375,0.0210567021369837,0.024242424242424,0.043626359999999,0.035347138,0.0840151685,0.01745135,"0"
"109",0.804,0.462397997898956,-5.698970004,1.037426498,0.73,21.34783526,-11.5559552,3.97801299,1.04455013,1.09,1.91138,0.0930248426037339,0.0131604388353707,0.00965903768348901,0.145454545454545,0.086749220000001,0.112014005,0.047175154,0.015,"0"
"110",1.408,2.64246452024212,-5.677780705,-0.096910013,1.52,21.53188109,-11.34103516,4.91124,1.50754,1.075,1.98285,0.022321143869233,0.0376012538214001,0.0658021942265446,0.127272727272727,0.0283,0.02425,0.036255,5e-04,"0"
"111",1.727,2.05842602445701,-4.920818754,1.004321374,1.78,21.96198081,-10.4698003,3.94074768,1.71220056,0.87,2.02817,0.0060404344778029,0.0114438598661619,0.0104241099714586,0.018181818181818,0.048743085,0.039933316,0.059340084,0.005,"0"
"112",0.55,1.53147891704226,-5.677780705,-0.22184875,1.56,20.49692965,-11.99567863,4.42003952,0.66918137,0.94,1.85684,0.0692396240004128,0.0501350050952,0.131604388571787,0.096969696969697,0.089446274999999,0.166829365,0.0393906275,0.105,"0"
"113",0.618,1.39445168082622,-5.698970004,0.322219295,1.76,21.29748256,-10.81530857,3.87203946,1.22519883,1.03,2.05121,0.291163238450461,0.0131604388353707,0.0376012538214001,0.066666666666667,0.045543555,0.058714404,0.049891228,0.005,"0"
"114",1.46,1.68124123737559,-5.229147988,0.204119983,1.83,21.56708403,-9.896196279,3.84089,1.8412,1.1905,1.96436,0.144764827301084,0.017844662826724,0.0987032912634493,0.072727272727273,0.03588,0.023515,0.02785,0.2263626645,"0"
"115",1.77,1.41329976408125,-4.387216143,1.487138375,0.86,22.02088312,-9.681936665,3.50066971,1.42239886,0.778,1.89199,0.00950159657821324,0.00641972626198059,0.00857357580456891,0.060606060606061,0.0241374065,0.029472713,0.022779716,0.005,"0"
"116",1.613,1,-5,0.130333768,0.88,21.13638759,-9.08249449,2.54166555,1.14649063,0.687,1.90907,0.147896600345909,0.0105283510764424,0.0116981678760472,0.151515151515152,0.028998071,0.028887961,0.006289914,0.001,"0"
"117",0.82,1.11394335230684,-4.928117993,1.731588765,1.25,22.0746007,-9.075720714,2.61109719,0.95853538,0.755,1.85342,0.133629071354847,0.00446116571350155,0.00537160769437218,0.072727272727273,0.0237765295,0.035600881,0.009554076,0.0015,"0"
"118",2.83,1.58883172559421,-5.22184875,1.041392685,1.15,21.95954126,-12.08512818,5.08952072,1.42351927,0.39,1.85145,0.130539784508902,0.00438681295239289,0.0071784211910988,0.03030303030303,0.097418495,0.090702815,0.110855301,0.13,"1"
"119",1.348,1.68124123737559,-6.48148606,-0.397940009,2.32,21.98623592,-12.08440021,4.50711,0.807091,1.4,2.33721,0.204728382123792,0.0638081883241343,0.131604388554913,0.260606060606061,0.0837,0.155655,0.0776,0.025,"0"
"120",3.36,2.01283722470517,-5.397940009,0.204119983,1.58,22.06812647,-11.28316228,3.84627415,1.37167718,0.83,1.95985,0.0761271871007967,0.0131604388554913,0.0493516456317247,0.066666666666667,0.05514905,0.059648416,0.0673381895,0.01,"1"
"121",4.9898,1.80250006776439,-5.27572413,0.806179974,1.86,22.17059025,-10.66756154,3.98993393,1.21584288,0.829,1.94053,0.0161841208073831,0.0148986100001386,0.0287884599735793,0.054545454545455,0.028511085,0.035676696,0.0273512905,0.001,"1"
"122",2.211,-0.327902142064283,-6.853871964,0.130333768,0.65,21.35810434,-11.56224944,3.040958613,1.320391508,0.79,2.19593,0.049588674384036,0.0338411284349212,0.0389938929201578,0.133333333333333,0.1607292,0.16895411,0.11777667,0.045,"0"
"123",3.1516,2.46239799789896,-5.13667714,-0.045757491,1.68,21.35034301,-11.60730305,4.42202873,1.46723371,1.25,2.55463,0.131921983971797,0.0108167990541397,0.029245419686369,0.042424242424242,0.07308827,0.070655771,0.1058841465,0.005,"1"
"124",0.677,3.14612803567824,-4.443697499,-0.301029996,1.48,21.14009932,-9.057000407,4.13326,2.77382,0.2529,1.81212,0.00916727683500531,0.00731135491027843,0.0526417554229422,0.018181818181818,0.020989999999999,0.010455,0.04435,4.99999999999997e-05,"0"
"125",0.714,2.00518051250378,-5.070581074,1.093421685,2.27,21.41342718,-10.65757732,4.10627835,1.15297662,0.99,2.03824,0.0232420609229749,0.00619314768795071,0.0106132571374752,0.036363636363636,0.030118345,0.037264425,0.0232992715,0.002482817,"0"
"126",2.943,1.36660971039243,-5.744727495,0.342422681,2.08,21.451745,-10.95467702,3.68307,1.0241,1.01,2.20884,0.366834332233384,0.0146227098318706,0.0358921059277238,0.066666666666667,0.1172,0.131765,0.077156,0.005,"1"
"127",2.813,1.79865064544527,-5.443697499,0.591064607,1.52,22.16619025,-10.15181088,3.48517215,1.44859414,0.63,1.75797,0.0519338355291014,0.00731135491027843,0.0134978859962626,0.036363636363636,0.04362492,0.051679097,0.058002882,0.02,"1"
"128",2.876,1.58771096501891,-5.795880017,0.079181246,1.85,21.70983536,-11.02687215,3.79948,1.90651,0.69,1.89579,0.179553274171887,0.0164505485439082,0.0438681294899875,0.078787878787879,0.11705,0.068285,0.121385,0.005,"1"
"129",0.283,0.728353782021228,-6.638272164,-0.22184875,1.19,21.35810434,-12.73992861,5.23266697,0.86153199,1.1,2.32199,0.181516258652098,0.0457754394646476,0.0877362590478575,0.145454545454545,0.11830242,0.217818621,0.2144519325,0.035,"0"
"130",0.8,1.85430604180108,-5.619788758,0.462397998,1.62,21.34792103,-10.29756946,3.52138487,2.26312734,0.645,1.8831,0.223182009819715,0.0109670323640116,0.0181523294379188,0.048484848484849,0.06906832,0.047294772,0.130088482,0.013331067,"0"
"131",3.796,1.69897000433602,-5.721246399,0.477121255,1.21,22.12127744,-11.17198494,3.53838419,0.54215516,0.91,2.03526,0.269476254022629,0.0415592805603905,0.017547251782744,0.284848484848485,0.07803221,0.220557212,0.11816229,0.055,"1"
"132",1.3,-0.0915149811213502,-6.055517328,1.033423755,1.34,21.60814292,-9.76498948,2.56606,1.09546,0.86,2.05668,0.0446275444389484,0.014955044147845,0.0146227098447879,0.048484848484849,0.16554,0.17802,0.037085,0.015,"0"
"133",2.671,1.42813479402879,-5.522878745,0.612783857,1.4,21.91722026,-10.14327111,3.15909591,1.01613299,0.65,1.92121,0.0598545187416093,0.026320877674116,0.0128394525239612,0.181818181818182,0.052946860000001,0.084200302,0.03800099,0.090734018,"1"
"134",0.97,1.22788670461367,-6.173925197,0.462397998,1.73,21.0438101,-10.37675071,3.2113827,1.05329104,0.78,1.82021,0.0352171865726179,0.0432133812541372,0.0363046588758376,0.151515151515152,0.04130341,0.062296694,0.0286472705,0.005,"0"
"135",3.1,2.2380461031288,-5.207608311,0.301029996,1.58,21.0163605,-10.59516628,3.59799,1.06622,1.17,2.06954,0.0759139130688025,0.0297171200079232,0.0263208776707413,0.218181818181818,0.16365,0.133375,0.03563,0.005,"1"
"136",2.298,1.83884909073726,-5.958607315,0.113943352,1.41,21.94617755,-11.31158018,4.17178823,1.30353551,0.87,2.00683,0.201804932904889,0.023928070636996,0.0404936580149266,0.133333333333333,0.063305895,0.065435085,0.06666149,0.005,"0"
"137",1.773,1.79657433321043,-5.698970004,0.113943352,1.82,22.07736427,-11.92081875,5.40919042,1.50995764,1.16,2.37144,0.0334396932042906,0.0131604388353707,0.0404936580149266,0.054545454545455,0.041584155,0.037953731,0.0589396935,0.78,"0"
"138",2.2,1.36735592102602,-5.161150909,1.11058971,1.32,22.04029767,-9.617982957,3.23392922,1.54546584,0.9455,1.98504,0.0303933846881756,0.0152584798116998,0.00816151246798215,0.109090909090909,0.0286900235,0.029795568,0.032445001,0.0103377205,"0"
"139",2.707,2,-6.337242168,-1,2.43,21.95954126,-12.35951856,4.70907,0.900754,0.99,2.18362,0.171783581852496,0.0743850890724999,0.289529654602168,0.278787878787879,0.2624,0.38724,0.4243565,0.12,"1"
"140",1.218,2.47712125471966,-5.744727495,-0.22184875,2.07,21.12149747,-9.247183569,2.59006,1.28449,0.198,1.68684,0.0667193561745158,0.0292454196637412,0.0877362590478575,0.103030303030303,0.060470000000001,0.06867,0.031625,0.003,"0"
"141",1.297,2.09166695759568,-5.148741651,0.531478917,1.52,20.79265849,-10.8728952,3.56731,0.914676,1.17,2.29559,0.0412728533604636,0.0111214976087664,0.0154828692315688,0.151515151515152,0.05505,0.08535,0.0286905,0.005,"0"
"142",2.27,1.94448267215017,-4.677780705,1.477121255,1.18,20.71960885,-8.91721463,3.24559,1.3304,0.724,1.92439,0.573753494976116,0.0125337512738,0.0271982402632532,0.042424242424242,0.014975,0.024355,0.01565,0.090734018,"0"
"143",1.3033,0.734799829588847,-6.657577319,0.113943352,1.35,21.01365445,-10.51570016,2.65954,1.16497,0.65,2.06879,0.176931769753319,0.0478561412369649,0.0404936580149266,0.187878787878788,0.0838,0.089385,0.04916,0.01,"0"
"144",3.6,2.3096301674259,-5.040958608,0.447158031,1.8,21.19799139,-10.7212464,3.68772,1.17745,0.65,2.0604,0.0272768816676426,0.00578480828803656,0.0282009404055501,0.03030303030303,0.078,0.078365,0.04188,0.08,"1"
"145",0.356,-0.744727494896694,-6.200659451,0.806179974,0.82,21.35365854,-10.51286162,3.52927,1.50729,0.84,2.20112,0.0579060482701563,0.0125337512945695,0.0123379114172483,0.042424242424242,0.04335,0.045125,0.07082,0.0291441835,"0"
"146",1.06,1.57634135020579,-5.853871964,-0.096910013,1.51,21.35024026,-8.316052869,2.071571247,1.742079764,0.98,2.08823,0.0525216608407296,0.0188006269082896,0.0658021942265446,0.072727272727273,0.166441725,0.100184013,0.041653571,0.015,"0"
"147",0.4791,1.51188336097887,-5.187086643,1.133538908,1.93,21.8647258,-9.89279003,3.31959,1.28481,1.01,1.79449,0.0249128885168479,0.000809873159060338,0.0116121519324457,0.03030303030303,0.054815000000001,0.089045,0.06727,0.009011148,"0"
"148",0.347,2.25285303097989,-4.387216143,0.86332286,1.85,21.99154725,-10.62525165,5.84588,1.38344,1.5915,2.69002,0.00859100615953715,0.00641972626198059,0.0216335981082794,0.084848484848485,0.06235,0.06424,0.12684,0.206936072,"0"
"149",0.717,0.187520720836463,-6.552841969,0.531478917,1.81,21.41915412,-9.847711656,3.06764,2.37965,1.09,2.21436,0.0920301716046755,0.0188006269370334,0.0154828692315688,0.066666666666667,0.339855,0.2446,0.27747,0.01,"0"
"150",1.295,1.61384182187607,-4.537602002,1.44870632,1.3,20.84178667,-9.294136288,2.84594,1.11188,0.693,2.09466,0.0427179076368021,0.00731135491027843,0.00655680227037274,0.018181818181818,0.025175,0.027575,0.00815,0.0075,"0"
"151",1.686,2.05037975626146,-5.148741651,0.544068044,1.45,21.32749584,-10.91009489,3.9488,1.19347,0.94,2.24976,0.01580476982291,0.018535829347944,0.0451215046497172,0.066666666666667,0.03335,0.047885,0.04544,0.005,"0"
"152",4.042,1.04139268515822,-6.602059991,-0.15490196,1.9,22.01669496,-10.838632,2.87134,0.951056,0.86,2.15896,0.124850885277914,0.0421134042739674,0.037601253845672,0.224242424242424,0.0823,0.12461,0.0362555,0.025,"1"
"153",2.73,1.97127584873811,-4.795880017,1.28780173,1.04,22.00531353,-9.730487056,3.59073,1.22509,0.672,1.88134,0.063811704280745,0.00493516456317247,0.00678373136259728,0.090909090909091,0.012995,0.021325,0.015545,0.0219023355,"1"
"154",1.2076,1.77815125038364,-4.920818754,1.371067862,1.8,20.99187128,-10.12551818,3.829176603,1.108879519,0.83,1.96657,0.0189868108662604,0.00468356794668692,0.0089602987940681,0.024242424242424,0.06303582,0.068643889,0.021746292,0.005,"0"
"155",3.956,1.97634997900327,-4.795880017,0.69019608,1.21,22.04094236,-10.00568285,3.68383,1.36898,0.678,1.87322,0.0175057628775533,0.00457152086213947,0.0107432153848303,0.024242424242424,0.023985000000001,0.02442,0.017885,0.001,"1"
"156",3.26,2.12710479836481,-5.026872146,0.322219295,1.33,21.81946365,-10.85078089,3.90552,1.18974,0.77,2.06486,0.0745819195240746,0.00840028010644005,0.0250675025476,0.036363636363636,0.05035,0.05495,0.045115,0.149849463,"1"
"157",1.6,2.23954972084047,-5.958607315,0.397940009,2,21.67796993,-11.36251027,4.14388,0.875171,1.03,2.15785,0.00923562857548502,0.0478561412739919,0.0210567021369837,0.133333333333333,0.0861,0.13071,0.0833725,0.035,"0"
"158",0.889,2.04571405894087,-5.552841969,1.037426498,1.68,21.81764402,-9.903089987,3.30686,0.948932,0.9,1.74751,0.0373575732797357,0.0282009404055501,0.0217328347878503,0.096969696969697,0.05516,0.06882,0.01557,0.047966029,"0"
"159",2.4,1.3654879848909,-5.920818754,0.204119983,1.59,20.90144742,-11.09770006,3.58709,1.40649,0.86,1.93407,0.096801936547154,0.0438681294899875,0.0658021941756327,0.121212121212121,0.083950000000001,0.088715,0.10418,0.22,"0"
"160",0.725,2.18977095634687,-4.853871964,0.832508913,1.45,21.32824297,-9.504455662,3.53686,1.25134,0.871,1.84304,0.0134302087546028,0.00564018807248688,0.0116121519146922,0.024242424242424,0.01504,0.022285,0.02006,0.002482817,"0"
"161",4.233,2.85733249643127,-5.886056648,-0.22184875,1.5,21.97057233,-10.9589,3.70006,1.35595,0.83,1.77015,0.0965452753569251,0.0809873160298533,0.144764827301084,0.278787878787879,0.1129,0.098945,0.093145,0.05,"1"
"162",2.275,1.6232492903979,-5.619788758,0.62324929,1.86,21.74269921,-9.847711656,2.85608,1.16056,0.815,1.95996,0.119342969855398,0.0219340647280231,0.0250675025859251,0.066666666666667,0.042785,0.06161,0.03501,0.0016785515,"0"
"163",0.351,-0.522878745280338,-6.853871964,0.397940009,1.99,21.07864529,-11.30980392,4.29222,1.22723,0.57,1.63218,0.0494748685370595,0.0188006269082896,0.0210567021369837,0.072727272727273,0.06395,0.074155,0.110285,0.01,"0"
"164",0.573,0.593286067020457,-6.173925197,0.785329835,1.86,21.49730845,-10.61083392,3.30337,1.54959,1.08,1.79496,0.118918281419752,0.0117854676147647,0.0129446939467666,0.048484848484849,0.085299999999999,0.081935,0.09774,0.005,"0"
"165",1.47,2.74028371968188,-5.27572413,-0.045757491,1.73,21.59590717,-12.65757732,5.76634,2.33322,0.82,1.93447,0.0298708467601578,0.0198648133335181,0.0877362590591065,0.078787878787879,0.1675,0.090095,0.2969,0.01,"0"
"166",1.3195,0.857935264719429,-5.585026652,0.949390007,0.62,21.48574413,-9.872830386,2.77561,1.42066,1.1,1.80565,0.0285379269705628,0.0101234144958991,0.020701813897427,0.23030303030303,0.042455,0.057375,0.050735,0.07,"0"
"167",3.5,1.38560627359831,-6.26760624,0.079181246,2.2,21.52664292,-10.79048499,3.39431,1.17705,0.92,2.01678,0.0605561232005338,0.0389938928598178,0.0438681294899875,0.151515151515152,0.0711,0.090535,0.057705,0.005,"1"
"168",1.758,1.16996817399689,-4.657577319,1.58546073,1.08,22.01715025,-8.609064893,2.49217,1.19079,0.73,1.84772,0.077266865767021,0.00358921059277238,0.00615293244030819,0.018181818181818,0.015025,0.015855,0.009925,0.45,"0"
"169",2.06,1.61172330800734,-4.769551079,1.245512668,1.23,21.79039707,-8.821023053,3.19694,1.24471,0.679,1.70996,0.127565659186107,0.00464486077306445,-0.00897302648176451,0.024242424242424,0.005105,0.006975,0.00458,0.01,"0"
"170",0.755,2.23578087032756,-6.102372909,-0.22184875,2.1,22.340573,-8.853871964,2.95174,1.82628,0.848,2.21622,0.249936990127356,0.0633033767677802,0.130288344570976,0.224242424242424,0.021105,0.015485,0.027365,5e-04,"0"
"171",2.33,2.04218159451577,-4.552841969,0.986771734,1.57,22.33647975,-9.642065153,3.15765,1.33346,1.27,1.96079,0.0143797213277669,0.00940031346851669,0.021707940377107,0.024242424242424,0.06282,0.05208,0.02141,0.04,"0"
"172",0.81,2.11290649025331,-5.107905397,0.832508913,1.72,21.65076489,-9.935542011,3.99907,1.74508,0.9235,2.00612,0.018335078259774,0.00674894299290958,0.0232243038293844,0.03030303030303,0.02221,0.01731,0.02499,0.0024409705,"0"
"173",1.167,0.698970004336019,-6.494850022,0.230448921,2.41,21.98623592,-11.5214335,3.69323,0.897942,1.24,2.12551,0.194222396757745,0.0246758228535885,0.0309657384870962,0.109090909090909,1.01707,0.166825,0.1244685,0.01,"0"
"174",4.1,1.28600712207947,-6.026872146,0.278753601,1.77,21.0151543,-11.6171,4.43227,1.1526,1.24,2.17922,0.543566918273972,0.0336011204257601,0.0277061870402603,0.127272727272727,0.0472,0.063015,0.06854,0.005,"1"
"175",2.59,1.25042000230889,-6.508638306,0.204119983,1.99,21.4198963,-10.72815839,3.06337,1.07478,1.015,2.20942,0.0244827442428277,0.0594342399249789,0.0329010970878163,0.2,0.093,0.11588,0.071395,0.3543597095,"1"
"176",0.87,1.77815125038364,-6.4710833,-0.096910013,1.73,20.95374423,-11.74958,4.10299,0.973333,0.64,1.83834,0.017816898624233,0.0263208776707414,0.0272284941568783,0.103030303030303,0.12265,0.162075,0.093958,0.015,"0"
"177",1.96,1.07918124604762,-6.214670165,0.079181246,1.77,21.70587483,-11.17263073,3.8244,0.798663,1.02,2.2054,0.0862757376094101,0.0215744899112776,0.0438681294899875,0.078787878787879,0.069400000000001,0.120385,0.106048,0.03,"0"
"178",3.52,1.30535136944662,-5.920818754,0.113943352,1.93,22.0158332,-11.36754271,3.66139836,1.146279559,0.61,1.75592,0.0695758260297261,0.0219340647449938,0.0809873160298532,0.121212121212121,0.08458679,0.087010427,0.0601909,0.25,"1"
"179",2.38,2.50037371435337,-5.508638306,-0.22184875,0.75,21.4198963,-10.99567863,4.47751,1.10229,0.679,1.72551,0.103418641389387,0.0169812114071368,0.0438681295239291,0.309090909090909,0.030550000000001,0.03885,0.03434,0.001,"0"
"180",0.736,2.15896526038341,-4.943095149,0.462397998,1.4,21.30214687,-11.5214335,4.38419,0.948229,0.92,1.87827,0.0579152246029259,0.00692654676618381,0.0272284941568783,0.139393939393939,0.05875,0.095375,0.070062,0.005,"0"
"181",1.159,2.02160271602824,-5.958607315,-0.22184875,1.85,21.16074757,-11.81247928,4.69106,0.883711,0.84,2.00325,0.0491496346215649,0.023928070636996,0.0438681295239291,0.103030303030303,0.133550000000001,0.18179,0.0812555,0.005,"0"
"182",1.549,2.09933527768596,-4.698970004,0.832508913,1.19,21.87736847,-10.74958,4.08464,1.141,1.375,1.92624,0.00378540227238651,0.00731135491027843,0.0116121519146922,0.072727272727273,0.038349999999999,0.04019,0.02365,0.674290141,"0"
"183",0.645,1.55059520748933,-5.443697499,0.531478917,1.57,21.51361441,-10.43651891,3.70506,2.32574,0.71,1.74506,0.0255903856452399,0.00731135491027843,0.0154828692315688,0.036363636363636,0.106249999999999,0.050725,0.10628,0.005,"0"
"184",3.645,1.66464197555613,-5.48148606,0.672097858,1.68,21.7153121,-10.65364703,3.77629,1.1958,1.04,1.99768,0.10761765911408,0.00797602354051679,0.0168005602258789,0.042424242424242,0.04485,0.068655,0.059155,0.5,"1"
"185",0.818,2.33525725643453,-5.958607315,-0.15490196,1.94,21.33992622,-11.06348626,4.1513,1.37345,0.975,1.97351,0.0991498518259656,0.0478561412739919,0.037601253845672,0.157575757575758,0.053,0.052235,0.066745,0.2244236125,"0"
"186",2.366,2.21518796949713,-5.698970004,-0.096910013,1.95,21.41915412,-11.39577395,3.80257,1.02082,0.99,2.06685,0.0233394026424894,0.0263208776707414,0.0658021942265446,0.084848484848485,0.08415,0.11435,0.107427,0.035,"0"
"187",2.01,2.33705972632052,-5.022276395,1.1430148,1.65,21.08891889,-10.18641901,3.63746,0.774169,0.66,1.89159,0.0361306862562471,0.00831185611850908,0.00757435329683621,0.03030303030303,0.04055,0.06603,0.027333,0.005,"0"
"188",0.793,3,-5.552841969,-0.397940009,1.76,21.06857915,-10.075204,4.28080232,1.38344,0.6815,1.84715,0.0402097830827786,0.0282009404055501,0.131604388554913,0.103030303030303,0.066395795,0.023936409,0.06727,0.055,"0"
"189",0.886,1.46538285144842,-5.619788758,0.591064607,1.94,21.73970839,-11.26042766,4.41384,0.971187,1.14,2.20256,0.0534696644965196,0.0219340647280231,0.0337447149906566,0.072727272727273,0.04095,0.065935,0.051271,0.005,"0"
"190",2.409,2.24254142829838,-5.721246399,-0.15490196,2.07,20.02880298,-12.10957898,4.78231,0.718496,1.34,1.99001,0.0563106258474534,0.0277061870402603,0.0752025076913433,0.103030303030303,0.209750000000001,0.378455,0.126956,0.015,"0"
"191",1.409,1.19033169817029,-6,0.531478917,2.04,21.4933967,-10.30627305,3.21372,1.09633,1.03,1.88733,0.0875106835160412,0.0263208776911062,0.0232243038473533,0.078787878787879,0.06455,0.088815,0.042095,0.005,"0"
"192",1.998,2.32221929473392,-5.48148606,0.146128036,0.97,21.41988474,-11.14935376,4.02296,1.50063,0.77,1.86768,0.0910900482410009,0.0239280706215504,0.0752025076331583,0.339393939393939,0.04825,0.04314,0.069665,0.199995173,"0"
"193",1,1.54654266347813,-5.886056648,0.113943352,1.95,20.48730103,-11.62342304,4.20449,1.17089,0.72,1.62007,1.08507712688945,0.0202468290074633,0.0404936580149266,0.072727272727273,0.066100000000001,0.1242,0.10229,0.065,"0"
"194",1.1175,2.29841638006129,-5,0.556302501,1.3,21.21643247,-10.98296666,4.6659,1.09835,0.9,1.99236,0.0599542916157573,0.00789626330733186,0.0146227098205568,0.121212121212121,0.0437,0.067125,0.059445,0.005,"0"
"195",2.855,2.68699356626468,-5.236572006,0.146128036,1.91,21.1034582,-11.54363397,4.171185481,1.243849338,0.95,2.06008,0.0343795484153644,0.0136142470679056,0.0376012538165791,0.060606060606061,0.088149935,0.099379055,0.1233664435,0.78,"1"
"196",0.654,1.68928221447305,-4.065501549,1.831869774,1.36,21.24271531,-8.847711656,3.62033,1.34127,0.729,1.8461,0.0327601887413463,0.00306056717510092,0.0100786866039877,0.018181818181818,0.004975,0.00614,0.005375,0.1005,"0"
"197",0.117,0.938519725176492,-4.528708289,2.120573931,1.97,21.58733599,-9.42365865,3.8695,1.1986,0.8595,1.70111,0.0148761559934817,0.00533531304621856,0.00578261707124149,0.018181818181818,0.009885,0.014745,0.0091,0.0424864935,"0"
"198",1.39,1.2148438480477,-6.161150909,0.146128036,1.52,22.27837171,-9.928117993,3.15711,1.07011,1.115,1.76613,0.0580681587807509,0.0267023396704747,0.0376012538165791,0.090909090909091,0.034615000000001,0.057805,0.033375,0.007041969,"0"
"199",2.938,2.37657695705651,-5.091514981,0.886490725,1.25,20.65703194,-10.42365865,4.29043,2.64643,1.228,1.93674,0.0211468897130007,0.00974847321620432,0.0102548874161921,0.036363636363636,0.1418,0.047555,0.091985,0.029531206,"1"
"200",1.505,2.14113609012074,-5.004364805,0.568201724,2.02,20.88432911,-10.39577395,3.7664,1.92336,1.7505,1.76057,0.0342910112558327,0.00797602353536826,0.0213412521852701,0.03030303030303,0.0907,0.05473,0.07443,0.141485526,"0"
"201",1.859,1.88536122003151,-5.22184875,0.740362689,1.43,21.16590877,-10.43297363,4.19124,1.26841,1.9365,1.94587,0.0127388781588989,0.00877362590478576,0.0143568423933057,0.127272727272727,0.02855,0.031095,0.027005,0.225510462,"0"
"202",3.3765,1.8234742291703,-6.096910013,-0.301029996,2.06,21.6447605,-10.75202673,3.74534,1.18375,0.86,1.83214,0.0664080102403637,0.0394813165359268,0.105283510845884,0.133333333333333,0.033650000000001,0.042215,0.04616,0.0034749535,"1"
"203",2.469,2.26881190373978,-5.29242982390206,0.740362689494244,1.64,20.9538258694985,-11.257,4.88123,1.55953,1.09,1.5415,0.022660222345864,0.0255467342296028,0.0236887899219955,0.09,0.2175,0.1943,0.21085,0.27,"0"
"204",0.0785,1.76492298464989,-5.19382002601611,1.25527250510331,2.56,22.049100010378,-8.58538291,3.40640655,1.18850034,1.16,2.0913,0.06607336880352,0.0475009589581678,0.0651441722854872,0.21,0.0077359,0.00974555,0.00361642,0.065,"0"
"205",1.722,0.867467487859051,-6.48148606012211,0.255272505103306,1.94,21.6503347264086,-10.8132081,3.15321333,1.30602449,0.9,1.81479,0.0559978453676167,0.0526417553822121,0.0482549424336947,0.17,0.05719327,0.06597695,0.05756962,0.45,"0"
"206",1.148,1.68124123737559,-4.72124639904717,0.681241237375587,1.24,22.27837171,-8.11145684,1.95518066,1.15734724,1.39,1.843,0.144764827301084,0.0228576043106974,0.0633346119442243,0.05,0.06184721,0.05366691,0.00551831,0.175,"0"
"207",4.56,1.55870857053317,-6.50863830616573,-0.522878745280338,2.55,22.1524656960528,-11.0529,3.37597,0.742849,1.05,1.97336,0.0972677373788299,0.098066495913638,0.289529654602168,0.37,0.14198,0.296352,0.0811106,0.86,"1"
"208",2.903,1.15136985024746,-6.03621217265444,0.322219294733919,2.25,20.9325848608536,-11.0900559,3.96908872,1.55158826,0.9,2.0761,0.145589617990142,0.0330441453622036,0.0413613792288811,0.14,0.04915322,0.04826492,0.08306159,0.5,"1"
"209",0.715,0.819543935541869,-6.0087739243075,0.845098040014257,1.53,21.1231954587923,-10.1403778,3.72413045,1.5451851,1,1.85188,0.0387784332688485,0.0354526107676119,0.0310210344216608,0.58,0.05799791,0.08857348,0.10645081,0.195,"0"
"210",2.198,1.1078880251828,-6.46852108295774,0.146128035678238,2.37,21.1461280356782,-10.4520599,3.24642494,1.37828029,1.5,1.98,0.0434988898348922,0.0894135698036097,0.0930631032649825,0.33,0.04184217,0.04927183,0.005516005,0.55,"0"
"211",2.826,1.10720996964787,-5.92081875395237,0.681241237375587,1.6,21.0599645857867,-9.72925773,2.93128506,1.16829405,0.56,1.88408,0.0202577864930924,0.0361912068252705,0.0271434051189532,0.4,0.05048963,0.05901459,0.03209979,0.23,"1"
"212",2.486,0.48572142648158,-6.82390874094432,0.176091259055681,1.85,21.1576833762698,-10.8415194,3.057651,1.21043545,0.71,1.71079,0.199990220130316,0.0868588963806507,0.0579059309204336,0.25,0.25872455,0.32132806,0.08060357,0.21,"0"
"213",3.54,1.13417710757677,-6,0.380211241711606,1.41,21.3533795197779,-10.4044334,3.15453451,1.0816785,0.93,1.83562,0.100484314138014,0.0434294481903252,0.072382413650542,0.19,0.85146569,1.28215864,0.07850685,0.17,"1"
"214",1.937,1.78461729263288,-4.02227639471115,2.06069784035361,1.41,21.8343030530778,-8.55006175,2.91049117,1.12578835,0.846,1.92306,0.00197833385631562,0.00457152086213947,0.00830824226249702,0.02,0.01027813,0.01099582,0.00437126,0.1005,"0"
"215",1.145,1.70070371714502,-5.60205999132796,0.342422680822206,1.62,20.5405897231745,-10.3507,3.6504,1.43908,0.87,1.83712,0.0911698773639907,0.0347435585522599,0.0987032913416482,0.14,0.0364819,0.0395981,0.048071,0.24,"0"
"216",1.2525,1.35237549500052,-5.65757731917779,0.204119982655925,1.61,20.920544366897,-11.9404653,4.80200435,1.74153741,0.86,2.06317,0.0513907268868993,0.0394813165366589,0.0814302153568597,0.14,0.16085961,0.11699725,0.27863334,0.33,"0"
"217",1.1137,2.78067727443337,-5.16749108729376,-0.045757490560675,1.63,20.9867717342662,-8.56429146,3.43921565,1.92622006,1.07,2.08,0.0148638654795953,0.0191600506722021,0.0965098848673893,0.09,0.01916437,0.01167528,0.00965772,0.055,"0"
"218",4.618,2.23894889831176,-4.60205999132796,0.863322860120456,1.13,21.9037002845921,-8.69262974,3.04134881,1.20052929,0.815,1.62241,0.0313174061434648,0.00584908393727375,0.0178477184343802,0.13,0.01431841,0.02317526,0.01255481,0.07,"1"
"219",4.961,1.69731654173238,-5.79588001734407,0.278753600952829,1.84,21.9953293260505,-10.1070569,3.43803362,1.68612083,0.8,1.78537,0.0299157959416651,0.0542868102379058,0.0914304172427899,0.18,0.05084186,0.04500955,0.06200239,0.115,"1"
"220",3.81,1.61278385671974,-6.09044397075882,-0.221848749616356,1.38,21.12149747,-11.1278,3.79761,1.57289,0.8,1.76412,0.118428290705941,0.0641814505275734,0.144764827301084,0.22,0.1014,0.13824,0.23491,0.295,"1"
"221",1.664,1.58035466110659,-5.88605664769316,0.518513939877887,1.82,22.2291825133968,-10.9066853,3.7823081,0.931411844,1,2.0855,0.131947893490027,0.0668145356774229,0.0526417553822124,0.18,0.1875455,0.20042492,0.05714513,0.45,"0"
"222",0.09,1.28397928423848,-5.36653154442041,0.924279286061882,1.22,21.1458043657072,-10.1038,3.66388,1.20938,0.9,1.89331,0.0861743624814219,0.0201997433443371,0.0258508620180507,0.29,0.0267,0.03231,0.02421,0.55,"0"
"223",3.568,1.41463914673701,-6.32790214206428,-0.221848749616356,1.6,21.6922439503346,-11.9505263,4.8792574,2.06160972,1.1,2.02038,0.148027729903453,0.0924030812560105,0.144764827301084,0.3,0.11074106,0.069549,0.21988187,0.6,"1"
"224",3.7,1.49136169383427,-5.76955107862173,0.380211241711606,1.89,20.9612478163493,-11.4531,4.25859,1.14181,0.9,2.08995,0.088603854068197,0.0510934684592066,0.0904780170631775,0.17,0.1023,0.11841,0.11299,0.55,"1"
"225",2.42,0.99211148778695,-5.72124639904717,0.826074802700826,1.36,21.313774448533,-11.0883,3.9564,1.39195,1.19,2.00403,0.0552798328546417,0.0228576043106974,0.0324100359629293,0.1,0.2044,0.12794,0.19715,1.14,"0"
"1671",3.5,1.38560627359831,-6.26760624,0.079181246,2.2,21.52664292,-10.79048499,3.39431,1.17705,0.92,2.01678,0.0605561232005338,0.0389938928598178,0.0438681294899875,0.151515151515152,0.0711,0.090535,0.057705,0.005,"1"
"411",2.9,1.52244423350632,-5.085128182,1.029383778,1.4,22.12570242,-9.653647026,3.12435,0.984108,0.9995,1.78711,0.00815583518093314,0.0097982829257281,0.022631035007725,0.042424242424242,0.019455000000001,0.02833,0.0260615,0.0174145,"1"
"391",3.21192853388712,2.42505500745355,-5.16187463345806,-0.0288775187246862,1.66543570802081,21.3978273088155,-11.5771427698965,4.41385950071205,1.46695650734528,1.2350581152658,2.52570207962001,0.127525974910535,0.0112539778399843,0.0300469862557079,0.0440588430953067,0.0709108274363784,0.0684663706671871,0.102110492300964,0.0047572618003469,"1"
"232",2.711,2.06069784035361,-5.548213564,0.10720997,1.93,22.0125926,-10.86012091,3.73449,1.20488,0.87,2.04425,0.0344768087771092,0.0155321080197879,0.026732141383355,0.066666666666667,0.035200000000001,0.046765,0.035305,0.005,"1"
"2201",3.81,1.61278385671974,-6.09044397075882,-0.221848749616356,1.38,21.12149747,-11.1278,3.79761,1.57289,0.8,1.76412,0.118428290705941,0.0641814505275734,0.144764827301084,0.22,0.1014,0.13824,0.23491,0.295,"1"
"611",3.967,2.19451434188247,-5.623423043,-0.259637311,1.53,21.73850309,-10.09854168,4.05018,2.38763,0.5615,1.6177,0.0500432094331858,0.0168099723091123,0.0669985978354264,0.066666666666667,0.0266,0.017795,0.0538,0.0002104915,"1"
"2111",2.826,1.10720996964787,-5.92081875395237,0.681241237375587,1.6,21.0599645857867,-9.72925773,2.93128506,1.16829405,0.56,1.88408,0.0202577864930924,0.0361912068252705,0.0271434051189532,0.4,0.05048963,0.05901459,0.03209979,0.23,"1"
"1111",3.8347752604587,1.88386100397467,-6.09495316517974,-0.269677007636208,1.53434992558323,21.8244570127587,-11.2374042209576,4.06721497501663,1.86694724685427,0.850426501925103,2.02095246629971,0.176390296908969,0.0323026869852467,0.0659179231837877,0.115792182020166,0.0508664048592648,0.0365581322929021,0.0795142343017358,0.0902034693779915,"1"
"641",5.97428721837699,2.11397421033948,-5.3945731785313,-0.14012389424401,1.26836874365807,22.2744307366765,-11.3338589542192,4.50849877253729,0.919035804182064,0.857413981124759,1.89980551498346,0.0352735563376974,0.0136688038416522,0.0721945176061227,0.0593666253058293,0.358752068285421,0.234367383471289,0.0685600426073383,0.0283687436580658,"1"
"261",2.92091953616124,1.51594164104458,-5.10018549270688,1.01692834144705,1.40471035913564,22.1308578241187,-9.6717951111716,3.11967386023808,0.98694934404661,0.996874667481752,1.79019999559298,0.00862616549970326,0.00992261435762844,0.0228037038703073,0.042844060529023,0.0219313327755905,0.0311900192351826,0.0281948562875262,0.0177966694468714,"1"
"521",4.01721995152417,2.64124678444045,-5.75640594791061,-0.0193048523658066,1.48381244947668,21.9956840916956,-10.7476115153766,3.6068666528822,1.29575788838308,0.857437898137025,1.77289540856875,0.0822371900711582,0.0694635553290612,0.124994357967552,0.240526395732763,0.0977735434134853,0.0875141611979588,0.0822858245446897,0.0447252057242241,"1"
"542",3.8479,2.43136376415899,-5.677780705,-0.301029996,1.43,21.49704581,-11.86327943,4.48156171,2.51960373,0.87,1.95818,0.0734806588271915,0.0250675025476,0.105283510845884,0.109090909090909,0.083250805000001,0.04285341,0.169198521,0.001,"1"
"1351",3.1,2.2380461031288,-5.207608311,0.301029996,1.58,21.0163605,-10.59516628,3.59799,1.06622,1.17,2.06954,0.0759139130688025,0.0297171200079232,0.0263208776707413,0.218181818181818,0.16365,0.133375,0.03563,0.005,"1"
"1551",3.956,1.97634997900327,-4.795880017,0.69019608,1.21,22.04094236,-10.00568285,3.68383,1.36898,0.678,1.87322,0.0175057628775533,0.00457152086213947,0.0107432153848303,0.024242424242424,0.023985000000001,0.02442,0.017885,0.001,"1"
"1810",3.221,2.47450763911698,-5.899629455,0.222716471,2.01,21.0163605,-11.3053948,3.8752,1.05873,0.93,1.90677,0.0335671166656554,0.034467816033398,0.0283698082994557,0.145454545454545,0.06785,0.09216,0.0623145,0.0305,"1"
"1781",3.52,1.30535136944662,-5.920818754,0.113943352,1.93,22.0158332,-11.36754271,3.66139836,1.146279559,0.61,1.75592,0.0695758260297261,0.0219340647449938,0.0809873160298532,0.121212121212121,0.08458679,0.087010427,0.0601909,0.25,"1"
"2110",8.03514025106095,1.05682431006779,-6.20261895696957,0.218725145240346,0.827398876971565,22.6853046308091,-11.2600133708815,3.92948366711394,1.43691103907246,0.791163270488381,1.83002663067027,0.0450887500387383,0.0177824201321311,0.030927644625571,0.291864616490167,0.083957434459569,0.0762271866714306,0.063327845343934,0.0153858872508086,"1"
"1561",3.26,2.12710479836481,-5.026872146,0.322219295,1.33,21.81946365,-10.85078089,3.90552,1.18974,0.77,2.06486,0.0745819195240746,0.00840028010644005,0.0250675025476,0.036363636363636,0.05035,0.05495,0.045115,0.149849463,"1"
"531",3.51699617824517,1.39409352536584,-6.25295408665352,0.0833307521564517,2.18256236257963,21.5421820037441,-10.7961730142266,3.41365194979916,1.18334178191649,0.921169866814278,2.01681465454525,0.0603325348354165,0.0385508343068947,0.0438733635416658,0.149776069915882,0.0702528789119296,0.0892003053968941,0.0572242794543978,0.00490067168558016,"1"
"271",4.39437787960749,1.90229801166082,-5.5616710889837,0.166228837858249,1.48304732611869,22.1855239705859,-11.2885269541278,4.30327448414127,1.37231670708392,1.05335205873055,2.04072814706906,0.0471040464531427,0.0174329600569617,0.0454259149972392,0.0679412071339112,0.0698136682092199,0.0865731355307844,0.0745117067446091,0.00632404356892221,"1"
"2241",3.7,1.49136169383427,-5.76955107862173,0.380211241711606,1.89,20.9612478163493,-11.4531,4.25859,1.14181,0.9,2.08995,0.088603854068197,0.0510934684592066,0.0904780170631775,0.17,0.1023,0.11841,0.11299,0.55,"1"
"482",3.2,0.763427993562937,-6.585026652,0.255272505,1.82,22.03528962,-11.12090412,3.77452827,0.94016916,1.48,2.3315,0.0159503209463535,0.0404936579835962,0.0438681294956119,0.163636363636364,0.077803665,0.111057696,0.084888358,0.03,"1"
"321",2.91529010585323,1.53623981872414,-5.14687517513936,0.949854340409854,1.39218119587051,22.1057440180845,-9.783322306363,3.14650230796643,0.990833922963488,0.989987121642451,1.80243572484982,0.0205804189806699,0.0118053538009885,0.0277007720192543,0.0519015807630209,0.0229261441931929,0.0323209675687983,0.0267267995674239,0.0185078728819081,"1"
"1610",3.11424403626006,0.980395224064969,-6.15627585597697,0.476554699193553,1.69994165076409,22.0611344093281,-10.7014839661659,3.58867272284461,0.95272921856605,1.34264753140986,2.17588436966538,0.013722242150784,0.0317192864154416,0.0377974378127956,0.128987489398005,0.0611245116666208,0.087409718338451,0.0680725116613915,0.0264023943945033,"1"
"1411",3.06717639840208,1.1773061926153,-5.96248535844,0.476610959869588,2.0352703139279,22.3343061608472,-10.3190451092381,3.25065176899277,1.24434704135523,1.19871854142915,1.90821258300247,0.0402964319254996,0.0210817876750394,0.028858688464865,0.0964610580693588,0.0545592573911305,0.0678616456754785,0.0759628190410289,0.0128130203441569,"1"
"731",2.6147,1.41497334797082,-5.463441557,0.389166084,1.25,21.61964524,-10.01818139,3.750945731,1.136499703,0.9,1.96878,0.378773543258101,0.0185164313807078,0.0247093954042276,0.072727272727273,0.266741013,0.238477529,0.012525701,0.0405,"1"
"2191",4.961,1.69731654173238,-5.79588001734407,0.278753600952829,1.84,21.9953293260505,-10.1070569,3.43803362,1.68612083,0.8,1.78537,0.0299157959416651,0.0542868102379058,0.0914304172427899,0.18,0.05084186,0.04500955,0.06200239,0.115,"1"
"1201",3.36,2.01283722470517,-5.397940009,0.204119983,1.58,22.06812647,-11.28316228,3.84627415,1.37167718,0.83,1.95985,0.0761271871007967,0.0131604388554913,0.0493516456317247,0.066666666666667,0.05514905,0.059648416,0.0673381895,0.01,"1"
"2131",3.54,1.13417710757677,-6,0.380211241711606,1.41,21.3533795197779,-10.4044334,3.15453451,1.0816785,0.93,1.83562,0.100484314138014,0.0434294481903252,0.072382413650542,0.19,0.85146569,1.28215864,0.07850685,0.17,"1"
"511",3.51298963315086,2.03768435920755,-5.17138395920812,0.308430716998834,1.35003878282383,21.9224546325324,-10.9002256022126,3.99696286343893,1.25796073134849,0.820848411415471,2.0532099526358,0.0685313815730953,0.01103566912255,0.0298361697705631,0.045472174010832,0.0459343965932683,0.0487173353744256,0.0428133681989703,0.11243969482609,"1"
"401",2.99427462363243,1.40806527521977,-5.7386534323816,0.312275806494195,2.05245991894742,21.4661038018929,-10.9118078624444,3.70145225300947,1.09237586675931,0.987542315723491,2.17923992088469,0.350971690054014,0.0147322323517006,0.0374496973975409,0.066666666666667,0.112663397557521,0.12605819447716,0.0759864979398837,0.00476017554128728,"1"
"811",3.0749,2.00945089579869,-5.59345982,0.146128036,1.47,21.79614607,-11.02273379,4.37412,1.97901,0.564,1.61002,0.132029607628615,0.0115605423699981,0.0244408149807766,0.048484848484849,0.076099999999999,0.02584,0.18005,0.0120771535,"1"
"502",3.35,2.02530586526477,-5.337242168,0.301029996,1.34,21.45079548,-9.931814138,3.2687548,1.44529526,1.079,2.11482,0.0177699795120678,0.0114438598573077,0.0263208776707413,0.036363636363636,0.031830706,0.039738688,0.036139295,0.0015,"1"
"631",2.84455267046532,1.21131408401644,-5.71130129729826,0.768524667526436,1.54985764739104,21.3271575971459,-9.7103012370951,2.97968871148954,1.12211644067624,0.670187819858198,1.85976848033754,0.0172236849433384,0.0295741903425085,0.0260121008528564,0.310351551396095,0.0427088831972566,0.0513216023427926,0.0305859196683241,0.176702314497236,"1"
"2231",3.568,1.41463914673701,-6.32790214206428,-0.221848749616356,1.6,21.6922439503346,-11.9505263,4.8792574,2.06160972,1.1,2.02038,0.148027729903453,0.0924030812560105,0.144764827301084,0.3,0.11074106,0.069549,0.21988187,0.6,"1"
"291",3.31164446794009,2.09457032914991,-5.28843820364753,0.545564019072985,1.36597979603801,21.994742591744,-10.1384299904567,3.59101647781461,1.84668573542908,0.727621870003757,1.63856077939997,0.0189726994806713,0.0125337493750912,0.039647215481324,0.0561697793785821,0.215266788954229,0.0694434164880658,0.0631313317454836,0.013210453295397,"1"
"421",3.32977673106268,1.84679850568323,-5.70256601214743,0.00870767403464444,1.50821303910343,21.4463838034662,-10.9056095977759,4.10325588760707,1.62713915581354,1.07396492628381,2.05662621732233,0.0864848349339688,0.0165061901442851,0.033899010700618,0.0699732569723647,0.067490890669998,0.0532863700670388,0.0685243740689964,0.164880856954453,"1"
"2071",4.56,1.55870857053317,-6.50863830616573,-0.522878745280338,2.55,22.1524656960528,-11.0529,3.37597,0.742849,1.05,1.97336,0.0972677373788299,0.098066495913638,0.289529654602168,0.37,0.14198,0.296352,0.0811106,0.86,"1"
"581",3.31907415821799,2.15240554050276,-5.5466667427315,0.0282339151929982,1.52866774596041,21.2790855758233,-11.0518498646504,4.20429988396483,1.4442219264329,1.14282461147662,2.10100486530146,0.0467497741419918,0.0157100028475222,0.0322468346801672,0.0649666352663193,0.0599098101236661,0.0621674628868915,0.0696407267787833,0.380576954941823,"1"
"551",5.91339240233414,2.14021623522973,-5.43744117614591,-0.165700201893404,1.32532151953317,22.294747355526,-11.3804788897116,4.51913264006352,0.91594160388001,0.864998234813567,1.93879705489209,0.0265786004291061,0.0148601670145315,0.0681731153071281,0.0584632228326162,0.274304528759769,0.100246582496588,0.0676898665784788,0.0450509413318132,"1"
"671",2.99100907006767,1.53147909625238,-5.18566978096625,0.904248054069472,1.39799980065785,22.0252719159815,-9.80107701644091,3.19168271045468,1.04299206845339,0.979548011562089,1.7848107708562,0.0191841798308332,0.0152371417287808,0.0348456315576768,0.060183588098452,0.0276503167546107,0.0393220954847662,0.0469484316154143,0.0451758167244706,"1"
"1231",3.1516,2.46239799789896,-5.13667714,-0.045757491,1.68,21.35034301,-11.60730305,4.42202873,1.46723371,1.25,2.55463,0.131921983971797,0.0108167990541397,0.029245419686369,0.042424242424242,0.07308827,0.070655771,0.1058841465,0.005,"1"
"1951",2.855,2.68699356626468,-5.236572006,0.146128036,1.91,21.1034582,-11.54363397,4.171185481,1.243849338,0.95,2.06008,0.0343795484153644,0.0136142470679056,0.0376012538165791,0.060606060606061,0.088149935,0.099379055,0.1233664435,0.78,"1"
"361",4.31601147872396,1.86894764879576,-5.26230782577372,0.504967882400677,1.19294830863364,22.1460848420346,-11.8142410946143,4.91539937790967,1.19779272197214,0.586703253542073,1.87579310133355,0.0859922177935037,0.00671556034519805,0.0350912688610011,0.0355088858949864,0.182211987107441,0.0940408370013775,0.0921361514076188,0.0784620296396315,"1"
"1710",2.9052429269366,1.53690788285357,-5.06718891287684,1.04226858714144,1.39653041599784,22.1356549213247,-9.66908252187176,3.13740465792305,1.0126934939539,1.00183233146812,1.7966347791046,0.00853762278255605,0.00970240952954003,0.0222417752955845,0.0417233163631997,0.0229618134095223,0.0299232836297181,0.0265077612675644,0.0175141734381954,"1"
"661",3.32010396005842,1.55808933257974,-5.23000429099895,0.876379066735144,1.48968740534969,22.0991278188097,-9.74606783317952,3.18828970449658,1.12720279373839,0.958834915074403,1.78675532707884,0.0125912770471628,0.0188666024313142,0.0366547579220984,0.0704669986423948,0.0258527409897141,0.0317298762770463,0.033387511750133,0.0373058415789815,"1"
"231",2.98000209254678,1.9772753525089,-5.9646613323589,-0.243681967263073,1.74845566013828,21.4900534033714,-11.6489006190364,4.36907779512489,1.14152550502403,0.874504239419475,2.18189733868276,0.0480945113747879,0.045810451582872,0.0513412934781567,0.135099291716787,0.0884669914052761,0.149487678002126,0.0873116622466805,0.165513349801594,"1"
"601",3.70468135758536,1.80387556378117,-5.9157916031479,-0.0923302610647323,1.82125586745329,21.8599496846523,-10.8608023142536,3.93826125275083,1.28598567027106,0.901504749196582,1.90053468449465,0.0605380626279,0.0319296991801192,0.0828128189535801,0.111072808154153,0.033309062359764,0.0377532732528447,0.0424011723416301,0.00238225704965493,"1"
"262",3.686,1.63848925695464,-5.655607726,0.294466226,2.03,22.41960057,-11.8827287,4.33479,1.71887,1.06,2.07859,0.0815374132566299,0.0161974631827828,0.0374103845495022,0.066666666666667,0.08845,0.072145,0.169635,0.005,"1"
"971",3.076,1.68124123737559,-5.795880017,0.113943352,1.31,21.89596701,-11.14630179,3.37933883,1.06152816,0.89,1.96352,0.151171637016717,0.0329010970878164,0.0809873160298532,0.151515151515152,0.05941034,0.074268877,0.0337195715,0.03,"1"
"592",8.26,1.01283722470517,-6.229147988,0.230448921,0.8,22.7516324,-11.2798407,3.91521772,1.43267533,0.77,1.8158,0.0447672759550477,0.017844662826724,0.0309657384870962,0.303030303030303,0.08569564,0.077643595,0.064053366,0.005,"1"
"1010",6.29,2.24104815067164,-5.316052869,-0.207608311,1.25,22.39388568,-11.4544,4.6841,0.897942,0.848,1.90813,0.0268161033381255,0.00980902273641476,0.0721701485906705,0.042424242424242,0.29485,0.098475,0.06727,0.01,"1"
"1181",2.83,1.58883172559421,-5.22184875,1.041392685,1.15,21.95954126,-12.08512818,5.08952072,1.42351927,0.39,1.85145,0.130539784508902,0.00438681295239289,0.0071784211910988,0.03030303030303,0.097418495,0.090702815,0.110855301,0.13,"1"
"621",3.64249683096819,1.87637177299747,-5.7493171978071,-0.0821802503959104,1.74958861062303,21.4927107785916,-10.4009378327539,4.02544844234883,2.13265049429241,0.664737145410967,1.75750474876333,0.0791833526346338,0.0217611382887542,0.0591796517048011,0.0890321733041979,0.033478375340105,0.0270878436091596,0.0627243220732233,0.152638385632615,"1"
"610",6.29,2.24104815067164,-5.316052869,-0.207608311,1.25,22.39388568,-11.4544,4.6841,0.897942,0.848,1.90813,0.0268161033381255,0.00980902273641476,0.0721701485906705,0.042424242424242,0.29485,0.098475,0.06727,0.01,"1"
"281",4.24369104607634,1.77538403321845,-5.60357300970745,0.264507069883041,1.4113208411308,22.2210655266326,-11.0476168535761,4.2728627974937,1.47347417215306,0.96399626629171,2.00936101568434,0.0522230182448104,0.018759391356895,0.0436723612070558,0.0721935995431112,0.0336766991727554,0.0299745257100359,0.0390990330461788,0.000754859675339859,"1"
"410",4.16279896997497,1.92026715944143,-5.61074303062229,0.0807873332564554,1.45245585347526,22.0565162746227,-10.7121971574782,4.19260503925424,1.78954801782913,0.827411802457762,1.87660051920948,0.0502909622356168,0.0181744015402823,0.052204891450933,0.0705830377032701,0.0305558952489231,0.0257255639357198,0.042249987419695,0.00039757224620132,"1"
"681",5.65984298303444,2.04973021065954,-5.55030118624209,-0.210905045870964,1.33102680232842,22.2314520064715,-11.5692557932572,4.72927994306494,1.16733706949828,0.906339297676459,1.93411645303247,0.0548772190684526,0.0289299726026115,0.0889761905391376,0.102054356691907,0.252227832319217,0.0917784820452807,0.102600433781314,0.146588038210757,"1"
"492",3.036,1.89762709129044,-4.619788758,1.36361198,1.31,22.38386741,-10.0540393,3.46298403,1.7256074,1.06,2.03418,0.0180592945364855,0.00731135491027843,0.0125337512783664,0.024242424242424,0.11042072,0.069659314,0.0376373875,0.02,"1"
"351",3.53667188135441,2.07291922457291,-5.50411027446975,0.221077506001798,1.50835158474045,21.4134726455296,-10.6736513903078,4.00004826825356,1.33553421015731,1.24440375457518,2.11651627023561,0.0514161880285375,0.0136837315785086,0.0235888122457579,0.0555539753471474,0.048435902672708,0.0498527485722979,0.0374898918000469,0.146064426933628,"1"
"622",3.85,1.80617997398389,-5.920818754,-0.22184875,1.02,22.13069392,-11.76000021,3.44619,1.42452,0.63,1.46604,0.0559162050281416,0.0219340647449938,0.0877362590478575,0.121212121212121,0.21145,0.24029,0.3065,0.03,"1"
"241",4.66151848149626,1.94289422709521,-5.45585735790413,0.00544789423627251,1.34665944569977,21.9597009179395,-11.4048677830145,4.50900370632458,1.00071938103891,0.947421144148335,2.00350985875194,0.0391014561658902,0.0103420349684077,0.0456820365341607,0.0982161302740375,0.170934210809318,0.0689013535443924,0.0486340701460197,0.00631773540191352,"1"
"1271",2.813,1.79865064544527,-5.443697499,0.591064607,1.52,22.16619025,-10.15181088,3.48517215,1.44859414,0.63,1.75797,0.0519338355291014,0.00731135491027843,0.0134978859962626,0.036363636363636,0.04362492,0.051679097,0.058002882,0.02,"1"
"301",3.61217899930407,2.27871615582509,-5.55023413924859,-0.27544677699913,1.42305717955343,21.4194265430285,-10.5953897433649,4.31909536078578,2.31605469802969,0.70797347014735,1.95850385244454,0.051720463198279,0.0158236268924611,0.0615151649057909,0.129165717576997,0.0382873225202322,0.0225520458166499,0.0541494738596736,0.000321065984047338,"1"
"441",2.88587873319793,1.51662864941542,-5.1121220356807,1.00369417697745,1.4,22.112846384171,-9.68383965623094,3.126492603779,0.986082818463422,0.97794811027369,1.79537926584349,0.0113438303943669,0.0108171474178877,0.0220272378519706,0.0510199586197617,0.0215202728854059,0.031775237732989,0.0267977477020555,0.0219357422509934,"1"
"1991",2.938,2.37657695705651,-5.091514981,0.886490725,1.25,20.65703194,-10.42365865,4.29043,2.64643,1.228,1.93674,0.0211468897130007,0.00974847321620432,0.0102548874161921,0.036363636363636,0.1418,0.047555,0.091985,0.029531206,"1"
"491",2.97944906711578,1.93869187956696,-4.92674693190506,1.12248017034462,1.09993256807327,22.041810316103,-9.9439263529485,3.70085261839361,1.2634800155954,0.720755954027176,1.90353286797762,0.0616435875853918,0.00720065930685332,0.0128290684681329,0.0879640015688811,0.0161903405024076,0.0227411242977753,0.0188463597575099,0.0184355870424844,"1"
"310",4.07158980520675,1.81491827002616,-5.62023027638943,0.193759828377086,1.40226973267039,22.0030836952835,-10.999719508685,4.25683048521838,1.47761851002994,1.03613051652513,2.04375938871242,0.050721871626234,0.0183044631251311,0.0405117327111399,0.0711656025596756,0.0368905047606626,0.0346007258937173,0.0392164754674654,0.0583111287668572,"1"
"1531",2.73,1.97127584873811,-4.795880017,1.28780173,1.04,22.00531353,-9.730487056,3.59073,1.22509,0.672,1.88134,0.063811704280745,0.00493516456317247,0.00678373136259728,0.090909090909091,0.012995,0.021325,0.015545,0.0219023355,"1"
"282",3.2,0.903089986991944,-6.659555885,0.037426498,2.54,22.50004427,-10.84771166,3.351,1.45111,1.357,2.00443,0.0658325115271916,0.0300466640198818,0.0338066318922117,0.139393939393939,0.08245,0.09927,0.11561,0.009157091,"1"
"471",3.58247800327372,2.28992578263002,-5.04206423533004,0.461731970475559,1.78998743044212,21.2212133180437,-10.6945228675197,3.67361804672045,1.17261037444135,0.658748482651194,2.05355916216382,0.0267982546477237,0.0058852712729832,0.0280615177424838,0.0306064415017535,0.0765345352880855,0.0771125527054293,0.0414840404211219,0.078433395819839,"1"
"1751",2.59,1.25042000230889,-6.508638306,0.204119983,1.99,21.4198963,-10.72815839,3.06337,1.07478,1.015,2.20942,0.0244827442428277,0.0594342399249789,0.0329010970878163,0.2,0.093,0.11588,0.071395,0.3543597095,"1"
"481",4.02482279321575,1.30549147375761,-6.3779233346999,-0.178889437089979,1.81525911319768,21.9529808363108,-10.6691295404578,3.14132904594067,1.28007371545177,0.791634716998669,2.0349955340794,0.107717726384123,0.0363181738311458,0.0443341106006034,0.188152939281567,0.0695430610948941,0.100146222097866,0.0402737067256846,0.0193224731522064,"1"
"331",3.79546993782364,1.7743523519329,-5.86110656517225,-0.11401829475657,1.36986989156343,21.5116066346442,-11.1831113159458,4.34502388274387,1.59557669779873,1.02603444512701,1.98279937639318,0.0774029342016405,0.0231509992329143,0.0391859887415178,0.0881547754715116,0.119176519298092,0.0618708866235359,0.064977883048231,0.169177065770161,"1"
"1811",3.43528670622967,2.0315643512909,-5.33662748585067,0.286274864752971,1.33738918246236,21.4781536625971,-9.97598295878974,3.30981266744421,1.42941704343895,1.07229890165338,2.10882411247938,0.0180323992757652,0.0113964347303475,0.0276509230108068,0.0365394489924335,0.0394606547279298,0.0414425745940675,0.037042368228591,0.00174657721188851,"1"
"1410",3.91,2.40654018043396,-5.11577123,0.434568904,1.53,22.3877421,-10.66756154,4.15028,1.20511,0.979,2.08163,0.207740120984255,0.0140538367709601,0.027095021154743,0.054545454545455,0.0292,0.030365,0.02297,0.083622271,"1"
"1281",2.876,1.58771096501891,-5.795880017,0.079181246,1.85,21.70983536,-11.02687215,3.79948,1.90651,0.69,1.89579,0.179553274171887,0.0164505485439082,0.0438681294899875,0.078787878787879,0.11705,0.068285,0.121385,0.005,"1"
"251",4.09856362170996,1.73333389616386,-5.58926391943007,0.279806459205501,1.39342909410596,22.1673516735325,-10.9415022121141,4.2167656108862,1.42837350623244,0.965439524185844,2.0132161262177,0.0844328967800144,0.0188794887734735,0.0420964610713218,0.072727272727273,0.0569587128321733,0.0516522260838127,0.033502734907781,0.00464272647351027,"1"
"292",5.47,1.35218251811136,-5.946921557,0.431363764,0.9,22.10710478,-10.77728353,3.15198,1.39098,0.83,1.94856,0.0249820977926045,0.0158391122565265,0.0165724044782448,0.2424242424,0.08115,0.108435,0.118785,0.178498106,"1"
"371",3.88933475342463,2.17126887548597,-5.59457263866034,-0.200299873455293,1.53639746676898,21.7806781823966,-10.2501130984469,4.0240903820125,2.25763951190404,0.595854396549403,1.6614778651001,0.053380637039811,0.0163430169292761,0.0647406820294885,0.066666666666667,0.0302528319732169,0.0231501167605628,0.0555322023487671,0.00146305260626722,"1"
"612",4.53522109602112,1.5767721116393,-6.43132490849585,-0.455373280397994,2.45259327401407,22.1591444287162,-11.0524964422253,3.45240980381027,0.804304594456553,1.04342077377113,1.97720414789658,0.0932654206884084,0.0913039859639624,0.268559490316108,0.344599681501277,0.132644485551476,0.273599462838262,0.0772498494687486,0.786560455276398,"1"
"412",3.38115854692669,1.91884738104735,-5.62883617184381,0.0875840265772418,1.40421805448364,21.4891686633273,-10.7375931178725,4.09057762474721,1.50958299103269,1.11628417116869,2.05485971872083,0.0516349900930473,0.0149328733462245,0.0272771391866802,0.0614246635316789,0.0479874844653895,0.0483552479294361,0.0503051342385953,0.18941897340081,"1"
"1321",2.99745504800417,1.53683249474144,-5.15586114808895,0.938262371754117,1.47811282473616,22.1621424433035,-9.93002776587898,3.27443077392641,1.07521011956951,1.00700131094689,1.8232502002446,0.017254315096949,0.0105917083953701,0.0244635060243462,0.0454300269258741,0.0280095941947177,0.0337625609774841,0.0438629787972341,0.0158752433925602,"1"
"1331",2.671,1.42813479402879,-5.522878745,0.612783857,1.4,21.91722026,-10.14327111,3.15909591,1.01613299,0.65,1.92121,0.0598545187416093,0.026320877674116,0.0128394525239612,0.181818181818182,0.052946860000001,0.084200302,0.03800099,0.090734018,"1"
"651",5.94560334778018,2.24061574906583,-5.16898543073502,0.012980869676874,1.22528253692202,22.2929178515637,-10.8855337130716,4.3457279842906,0.960268584737002,0.841202697653556,1.84927772041134,0.0277432765539069,0.00899335906092461,0.0609808764098863,0.0604629970442811,0.237066423183073,0.0829648454730726,0.0559998275947541,0.0223587315389887,"1"
"2010",3.78,1.89817648349768,-6.156767222,-0.337242168,1.55,21.77333803,-11.26121944,4.04162,1.9179,0.835,2.02128,0.192243471662561,0.0339867861224412,0.0686631591438462,0.121212121212121,0.05315,0.037375,0.085,0.10149311,"1"
"1210",2.88846822645585,1.55528560230783,-5.11338318600439,0.973117642961894,1.43233777766349,22.1188010611119,-9.72725963773131,3.16157749370491,0.997578331793063,0.991598599608638,1.80279931348753,0.00976180082629102,0.0101481303994131,0.0228812626797051,0.0439033860566486,0.0204156760553059,0.0294548055306159,0.0266254891468537,0.0166570333192389,"1"
"1310",4.048,0.880813592280791,-6.080398976,0.445604203,1.2,22.33966406,-10.63078414,3.93814,1.17565,1.265,2.20424,0.110491399401039,0.0133029706675924,0.0160378107896306,0.1818181818,0.07055,0.07444,0.02867,0.0130418865,"1"
"461",2.89151753437472,2.0124135111436,-6.28465290437138,-0.959193368486379,2.36923229401,21.9819091532313,-12.3129067137795,4.70778409354358,0.900609187466743,0.98268727605883,2.16943280057357,0.164318038536841,0.0710595471969897,0.278336062606034,0.266615611024088,0.264071111914725,0.372369163881184,0.405967239453391,0.11433521384839,"1"
"311",3.60389202407282,2.00851288798741,-5.56148521614567,0.0201173999548845,1.45847345003858,21.3216845825551,-10.9308808583275,4.23664498029257,1.56305119679096,1.09585436907038,2.11236077344991,0.0653537718532921,0.0167011013345898,0.0306270677508808,0.066666666666667,0.0470057276835749,0.0445987362134661,0.0494893881847934,0.268226628943272,"1"
"2081",2.903,1.15136985024746,-6.03621217265444,0.322219294733919,2.25,20.9325848608536,-11.0900559,3.96908872,1.55158826,0.9,2.0761,0.145589617990142,0.0330441453622036,0.0413613792288811,0.14,0.04915322,0.04826492,0.08306159,0.5,"1"
"931",3.038,2.41497334797082,-5.431798276,-0.301029996,1.25,20.90308999,-11.3994,4.75426,2.20023,0.945,2.51,0.0544346314310819,0.0142275014568467,0.0526417554229422,0.23030303030303,0.057200000000001,0.03025,0.054715,5e-04,"1"
"1391",2.707,2,-6.337242168,-1,2.43,21.95954126,-12.35951856,4.70907,0.900754,0.99,2.18362,0.171783581852496,0.0743850890724999,0.289529654602168,0.278787878787879,0.2624,0.38724,0.4243565,0.12,"1"
"910",4.12520209034439,2.39157621793808,-5.13388090536571,0.376502568269101,1.50468210701831,22.388297608932,-10.738708296872,4.1985485629696,1.17733554803071,0.967154842926422,2.06594194845599,0.19138078199646,0.0136700162443394,0.0311707613424537,0.0534494418622647,0.0532203509663814,0.0365235774677969,0.0269756523538893,0.0769652682205457,"1"
"1741",4.1,1.28600712207947,-6.026872146,0.278753601,1.77,21.0151543,-11.6171,4.43227,1.1526,1.24,2.17922,0.543566918273972,0.0336011204257601,0.0277061870402603,0.127272727272727,0.0472,0.063015,0.06854,0.005,"1"
"691",3.88358908208832,1.97484914410821,-5.66907350586082,-0.0597483405650409,1.64246415898204,21.4956881992626,-10.5217062973637,4.11528737603735,1.99843528182499,0.667247549487278,1.76523110855352,0.0620895718461908,0.0275201516465687,0.0743335787710812,0.0989480456337335,0.0502487134303898,0.0492271704332717,0.0722909821392968,0.171964976751669,"1"
"1311",3.796,1.69897000433602,-5.721246399,0.477121255,1.21,22.12127744,-11.17198494,3.53838419,0.54215516,0.91,2.03526,0.269476254022629,0.0415592805603905,0.017547251782744,0.284848484848485,0.07803221,0.220557212,0.11816229,0.055,"1"
"381",4.32535633965326,1.86560339775952,-5.4504817370353,0.43872062397871,1.64592230033129,21.803521088252,-10.7534420962068,4.09129796803197,1.35253912667642,1.00249213577318,2.01921693448448,0.0319671597415861,0.0156248921148968,0.0293998654602393,0.0599514570623415,0.0376044433790437,0.0410211921557308,0.0368704826503273,0.100838818937918,"1"
"582",4.6497,0.944482672150169,-6.721246399,-0.301029996,2.15,21.81792086,-11.3419886,3.70655,1.29089,1.01,2.03416,0.0885407574015026,0.0415592805603905,0.0526417554229422,0.139393939393939,0.13445,0.114585,0.084185,0.025,"1"
"2181",4.618,2.23894889831176,-4.60205999132796,0.863322860120456,1.13,21.9037002845921,-8.69262974,3.04134881,1.20052929,0.815,1.62241,0.0313174061434648,0.00584908393727375,0.0178477184343802,0.13,0.01431841,0.02317526,0.01255481,0.07,"1"
"991",4.6667,1.27415784926368,-6.431798276,-0.397940009,1.34,21.9953293260505,-12.13548892,4.7218991,1.81152426,0.46,1.58721,0.153567256519102,0.0426825043705403,0.0658021942774571,0.151515151515152,0.326395625,0.103773463,0.11299,0.005,"1"
"2021",3.3765,1.8234742291703,-6.096910013,-0.301029996,2.06,21.6447605,-10.75202673,3.74534,1.18375,0.86,1.83214,0.0664080102403637,0.0394813165359268,0.105283510845884,0.133333333333333,0.033650000000001,0.042215,0.04616,0.0034749535,"1"
"1611",4.233,2.85733249643127,-5.886056648,-0.22184875,1.5,21.97057233,-10.9589,3.70006,1.35595,0.83,1.77015,0.0965452753569251,0.0809873160298533,0.144764827301084,0.278787878787879,0.1129,0.098945,0.093145,0.05,"1"
"1011",3.61754828628688,2.20822968199819,-5.78779875484042,0.239521672124683,1.78318496494554,21.4753849007469,-11.2081600110063,4.02466488732053,1.211211998684,0.946255077512236,1.94895003601896,0.0399404269678612,0.0285908941203179,0.0343182012877792,0.117961813932793,0.0545706488019148,0.0686875138381069,0.0523390957510676,0.019159248247277,"1"
"701",2.752,1.59328606702046,-5.619788758,0.255272505,1.46,21.45058625,-11.34678749,4.30368998,1.12123368,1.064,2.11535,0.0535069670726848,0.0109670323640116,0.0146227098318707,0.163636363636364,0.02563352,0.034224003,0.0267820245,0.002,"1"
"1441",3.6,2.3096301674259,-5.040958608,0.447158031,1.8,21.19799139,-10.7212464,3.68772,1.17745,0.65,2.0604,0.0272768816676426,0.00578480828803656,0.0282009404055501,0.03030303030303,0.078,0.078365,0.04188,0.08,"1"
"961",4.109,2.32221929473392,-5.045757491,0.204119983,1.84,21.19589965,-11.27490548,4.33113504,1.76098314,0.502,2.09,0.13235641353242,0.0175472518118213,0.0329010970878163,0.066666666666667,0.03779605,0.029715315,0.0533515885,0.4790870845,"1"
"710",4.62720109185204,2.18311362660879,-5.58773434195181,-0.118969342602294,1.09938415687066,21.8153199509718,-11.3583625428123,4.0893361093834,0.893108436362293,0.939574432622641,2.02705626973493,0.0389374729508544,0.0178094149014995,0.0505625046859665,0.199429848577181,0.166133700461662,0.113259451161576,0.0592054252954824,0.0551847529388033,"1"
"801",4.9,2.43964842956347,-5.390405591,-0.244125144,1.78,22.00215742,-12.2656,4.43617,1.00735,1.38,2.1317,0.0335971370177898,0.0113820011696242,0.0507946762076895,0.048484848484849,0.2206,0.31628,0.2313695,0.03,"1"
"431",3.88097996456828,1.71172511881225,-5.70019041728318,0.439480952540956,1.2458565251343,22.140882502487,-11.1497883202665,3.66965481270008,0.707084352504929,0.921294805417303,2.0322283307999,0.230204458381338,0.0375007080195537,0.0223086402515107,0.246818836978778,0.0699088353464701,0.186405732763238,0.103418804174563,0.0452290969009046,"1"
"1841",3.645,1.66464197555613,-5.48148606,0.672097858,1.68,21.7153121,-10.65364703,3.77629,1.1958,1.04,1.99768,0.10761765911408,0.00797602354051679,0.0168005602258789,0.042424242424242,0.04485,0.068655,0.059155,0.5,"1"
"1110",3.53,2.14488541828714,-5.76700389,-0.060480747,1,21.43355223,-11.29499204,3.69688,0.889919,1,2.10553,0.0469357822525134,0.0230884892235729,0.0363046588524031,0.303030303,0.0812,0.123015,0.053884,0.085,"1"
"591",3.93395359542314,1.92311774307489,-5.47455759129441,0.423417915858857,1.36963406551629,21.8336317256722,-10.8906190525917,4.27559054864144,1.76088727508276,1.03733320808341,1.9977608505424,0.0430397132707865,0.0166072145377324,0.035565243912932,0.0635531967082485,0.060240799286117,0.0344794392851116,0.050069179592095,0.00782419849611875,"1"
"632",2.625,2,-6.167491087,-0.397940009,2,21.58733599,-12.1873998,4.472757799,0.8815438,0.64,2.22623,0.0457201048952623,0.0658021941832558,0.0658021942774571,0.181818181818182,0.11547934,0.21900534,0.113675222,0.125,"1"
"1021",4.772,1.92427928606188,-5.853871964,-0.22184875,1.62,22.05240534,-11.57186521,3.74522911,0.96306136,1.36,2.25722,0.0768849139149974,0.0188006269082896,0.0438681295239291,0.084848484848485,0.09817689,0.128616618,0.0615694365,0.025,"1"
"510",5.44970009915763,2.15157901811637,-5.42192122075144,-0.150419865840432,1.28915375882061,22.0787493333912,-11.2754133833693,4.54348078110957,1.08599991307748,0.959437621258665,1.97102599580391,0.0342722974141344,0.0118323805654612,0.0595172170088272,0.0497256426705102,0.220774100139004,0.0831703980425431,0.0616755302300549,0.0747110012735525,"1"
"512",4.27,1.7701152947871,-5.603800653,0.267171728,1.41,22.23063027,-11.04817696,4.270583544,1.462094791,0.973,2.01835,0.0504266082791868,0.018921434167657,0.0441052545503497,0.072727272727273,0.03272177,0.030067592,0.035926291,5e-04,"1"
"226",3.77710852768505,1.83488024169402,-5.86807506484902,-0.179338446886364,1.09497408580966,21.967596639098,-11.5725901326207,3.60676366566935,1.44489212520528,0.752457673489116,1.60160147759785,0.0550115751451839,0.0208079952093954,0.0757452119852485,0.10985241124096,0.177597117643443,0.200172616251346,0.252809182799555,0.0705810275563971,"1"
"501",4.02485397141986,1.93112680367587,-4.97304098636515,0.597435230820028,1.2538560327515,22.0825371559676,-10.234281129157,3.81249341321362,1.38939822661873,0.742687648308463,1.90504413016613,0.0247246512482589,0.00771817220167933,0.0180588487963296,0.0348741897579394,0.0259008003563124,0.0256584048985956,0.0218410972448768,0.000890359918121248,"1"
"810",3.5,1.94398887507377,-5.66756154,-0.017728767,1.38,21.34755638,-10.86012091,4.21721,1.52234,1.218,2.11696,0.0515724807353036,0.0165270627330643,0.0301593390238071,0.066666666666667,0.048900000000001,0.04766,0.048695,0.2248562595,"1"
"451",3.12155215142295,2.2294265171144,-5.21490642839094,0.300406304958244,1.57686849081889,21.0387281290182,-10.603511027668,3.61037960504819,1.07351226789757,1.16637113347836,2.06859704732364,0.0754444205455644,0.0295182565413044,0.0266484773147345,0.215502452037551,0.161238217915813,0.131472011196301,0.0356354578705105,0.00491710710991174,"1"
"541",3.72039019297808,1.70230099920965,-5.79954242965902,0.0911742434968656,1.52325362543575,21.2254594490708,-11.1381721895425,4.29620519150311,1.38652821674714,1.22608097374253,2.13982915569136,0.232290395790789,0.0227986541827512,0.0292582546253764,0.0889283023210187,0.0482755611198961,0.0533001523552975,0.0559844056327501,0.144099320402259,"1"
"1051",3.6,2.29556709996248,-5.22184875,0.633468456,1.73,21.52730245,-10.35163999,3.62503495,1.01294211,1.29,2.11575,0.0511462885111969,0.00877362590478576,0.0122422686816868,0.036363636363636,0.04763446,0.053639373,0.0181399595,0.01,"1"
"1261",2.943,1.36660971039243,-5.744727495,0.342422681,2.08,21.451745,-10.95467702,3.68307,1.0241,1.01,2.20884,0.366834332233384,0.0146227098318706,0.0358921059277238,0.066666666666667,0.1172,0.131765,0.077156,0.005,"1"
"341",4.69014108961681,1.8991404487191,-5.81309394599889,-0.142106352621221,1.58575623270823,22.0814676877548,-11.486469693017,3.83089632420761,1.04443652515228,1.29689362884802,2.2182685300334,0.0725704755286769,0.0188203264115131,0.0439067964488044,0.0828719326238517,0.0875034142984044,0.1125466660325,0.0573879226565187,0.0210048938159598,"1"
"1100",3.54350333151873,2.18901932193219,-5.8263391945529,0.143089506422034,1.94337784745265,21.0822927650972,-10.7800529161203,3.83391970504485,0.866620231600071,0.958760357450228,2.00026820954721,0.0307629699600752,0.0277535886138546,0.0399273780113965,0.107914475949876,0.0668457519805059,0.0655665669673285,0.0378131478625052,0.00909950928902253,"1"
"1910",3.89980407059521,2.32814420803577,-5.65409150327172,-0.282990962881904,1.47358024399262,21.6022734817619,-11.0942024127201,4.29356450824247,2.46208925645984,0.73555494728277,1.80979798525393,0.0632665611956372,0.0214688507219027,0.0885988523435646,0.0906023207304041,0.0585622459572176,0.0319328937813291,0.118907563984326,0.000655930269357532,"1"
"227",3.00122560667805,1.59356275364723,-5.18339013202181,0.852726106953623,1.39662581311073,21.9944219116948,-9.85719044408188,3.3087256941903,1.07491276788924,1.03636299176526,1.84275877727126,0.0154806289912118,0.0109334909560625,0.0239011302431996,0.0465141659263857,0.0244226466477265,0.031591151628478,0.0298799829479129,0.052411863259584,"1"
"821",4.67505776638538,1.2612532193748,-5.86662147260982,0.262909296664667,1.21398433912545,22.3548291304402,-10.8611386099069,4.14677515228048,1.09797874300297,1.14837061169371,2.12142194683123,0.0870885250697073,0.012325759612467,0.0317372837439167,0.142831539394727,0.133283745316789,0.0811622718176059,0.0394659098048508,0.0121911110520572,"1"
"312",3.24,2.1832698436828,-5.882728704,0.181843588,2.02,20.93735437,-10.70553377,3.73997,0.863159,0.971,2.01045,0.0311991209237988,0.0297365640854658,0.036364370489667,0.115151515151515,0.04165,0.06193,0.034558,0.009,"1"
"571",3.75853870478459,1.85147744814569,-5.53153370351196,0.343563683184757,1.62710929901339,21.7234893514512,-10.4579142894472,3.87286489395482,1.61604482771247,0.871278663852718,1.86369727626072,0.0873166390971418,0.0110909151595222,0.0345006228746864,0.0509722345028861,0.0384149647132959,0.0507215263188072,0.0572668019747781,0.323771883664549,"1"
"561",3.73766161377309,1.44023305746412,-5.82881519205475,0.15841259946132,1.77908794778399,22.0781706358532,-11.2748578239615,3.83819333364813,1.23793402973499,0.715348221066175,1.83208124973663,0.0640184265122932,0.0210597527007734,0.0702835706686439,0.107141067392447,0.0695347580645686,0.070484734521447,0.0531489347299826,0.177591236484819,"1"
"871",3.626,2.53147891704225,-5.443697499,0.176091259,1.34,21.89473409,-10.50863831,3.94739,2.5054,0.52,1.52512,0.02723308288672,0.0146227098205568,0.0526417553889616,0.066666666666667,0.3648,0.10084,0.09144,0.01,"1"
"1211",4.9898,1.80250006776439,-5.27572413,0.806179974,1.86,22.17059025,-10.66756154,3.98993393,1.21584288,0.829,1.94053,0.0161841208073831,0.0148986100001386,0.0287884599735793,0.054545454545455,0.028511085,0.035676696,0.0273512905,0.001,"1"
"2011",5.3718588042534,1.51530884760911,-6.10259561599115,-0.259900146380456,1.75376582099125,22.0714952462118,-11.3914788653225,4.13692635743334,1.11789063536319,0.938677847778425,1.97867400713281,0.0613658489266121,0.0275809057357247,0.0612393296831366,0.0967020413189219,0.205067735903338,0.107492408195743,0.0767379987356299,0.0183960970165208,"1"
"1510",4.34704010698153,1.98152706548865,-5.70522105355817,-0.0849146746278442,1.37070175156463,21.8317056353767,-10.2701645178489,3.82306621151643,2.13562269951887,0.629391396356979,1.70135939440846,0.0437063980233638,0.016564486109346,0.0542481148559624,0.111107736450107,0.0403932054796023,0.0407137194256857,0.0702317407532898,0.0452912926231279,"1"
"781",4.41,1.05307844348342,-6.171984936,0.130333768,1.74,22.49782636,-10.9636,2.78682,1.1892,0.81,2.01015,0.0421049044083316,0.018772691379267,0.035094503628142,0.072727272727273,0.1982,0.23477,0.18005,0.045,"1"
"1521",4.042,1.04139268515822,-6.602059991,-0.15490196,1.9,22.01669496,-10.838632,2.87134,0.951056,0.86,2.15896,0.124850885277914,0.0421134042739674,0.037601253845672,0.224242424242424,0.0823,0.12461,0.0362555,0.025,"1"
