"GRB_Name","z","log10T90","log10Fluence","log10PeakFlux","PhotonIndex","log10NH","log10Fa","log10Ta","Alpha","Beta","Gamma","log10T90Err","log10FluenceErr","log10PeakFluxErr","PhotonIndexErr","log10FaErr","log10TaErr","AlphaErr","BetaErr","log10z"
"GRB050315",1.949,1.9804578922761,-5.492144128,0.285557309,2.11,21.91683806,-11.3757179,4.86356,1.10818,0.856,1.99544,0.0636907468526031,0.0119343109944412,0.0300030730163057,0.054545454545455,0.032450000000001,0.04512,0.049165,0.001,0.469674772551798
"GRB050318",1.44,1.50514997831991,-5.966576245,0.499687083,1.9,20.92661714,-11.15490196,4.132084541,1.874408221,0.95,1.98053,0.148833498120448,0.0187658109674778,0.016658783334164,0.060606060606061,0.06181969,0.043780336,0.0859065195,0.037,0.387389826338729
"GRB050319",3.24,2.1832698436828,-5.882728704,0.181843588,2.02,20.93735437,-10.70553377,3.73997,0.863159,0.971,2.01045,0.0311991209237988,0.0297365640854658,0.036364370489667,0.115151515151515,0.04165,0.06193,0.034558,0.009,0.627365856592733
"GRB050401",2.9,1.52244423350632,-5.085128182,1.029383778,1.4,22.12570242,-9.653647026,3.12435,0.984108,0.9995,1.78711,0.00815583518093314,0.0097982829257281,0.022631035007725,0.042424242424242,0.019455000000001,0.02833,0.0260615,0.0174145,0.591064607026499
"GRB050505",4.27,1.7701152947871,-5.603800653,0.267171728,1.41,22.23063027,-11.04817696,4.270583544,1.462094791,0.973,2.01835,0.0504266082791868,0.018921434167657,0.0441052545503497,0.072727272727273,0.03272177,0.030067592,0.035926291,5e-04,0.721810615212547
"GRB050730",3.967,2.19451434188247,-5.623423043,-0.259637311,1.53,21.73850309,-10.09854168,4.05018,2.38763,0.5615,1.6177,0.0500432094331858,0.0168099723091123,0.0669985978354264,0.066666666666667,0.0266,0.017795,0.0538,0.0002104915,0.696094159995223
"GRB050802",1.7102,1.27875360095283,-5.698970004,0.439332694,1.54,21.25883595,-10.28650946,3.63973,1.44729,0.8585,1.8557,0.233102740828459,0.020661888971532,0.0421134042893105,0.078787878787879,0.0275,0.0326,0.03274,0.0023696055,0.433001340945038
"GRB050803",3.5,1.94398887507377,-5.66756154,-0.017728767,1.38,21.34755638,-10.86012091,4.21721,1.52234,1.218,2.11696,0.0515724807353036,0.0165270627330643,0.0301593390238071,0.066666666666667,0.048900000000001,0.04766,0.048695,0.2248562595,0.653212513775344
"GRB050824",0.8278,1.3541084391474,-6.575118363,-0.301029996,2.76,20.9708274,-12.23882419,5.08558,0.954481,0.86,1.94709,0.0782292570053204,0.0514543473223617,0.0789626331344129,0.23030303030303,0.06855,0.12722,0.0899785,0.01,0.261928672990642
"GRB060115",3.53,2.14488541828714,-5.76700389,-0.060480747,1,21.43355223,-11.29499204,3.69688,0.889919,1,2.10553,0.0469357822525134,0.0230884892235729,0.0363046588524031,0.303030303,0.0812,0.123015,0.053884,0.085,0.656098202012832
"GRB060124",2.296,2.8750612633917,-6.336299075,-0.050609993,1.84,21.9172644,-10.6893,4.47599,1.3641,0.99,2.00895,0.000756704468551373,0.0302604450950157,0.0532332357362408,0.115151515151515,0.04445,0.036665,0.01627,0.076380116,0.517987203025078
"GRB060206",4.048,0.880813592280791,-6.080398976,0.445604203,1.2,22.33966406,-10.63078414,3.93814,1.17565,1.265,2.20424,0.110491399401039,0.0133029706675924,0.0160378107896306,0.1818181818,0.07055,0.07444,0.02867,0.0130418865,0.703119346236078
"GRB060210",3.91,2.40654018043396,-5.11577123,0.434568904,1.53,22.3877421,-10.66756154,4.15028,1.20511,0.979,2.08163,0.207740120984255,0.0140538367709601,0.027095021154743,0.054545454545455,0.0292,0.030365,0.02297,0.083622271,0.691081492122968
"GRB060306",1.559,1.78675142214556,-5.671620397,0.775974331,1.8,21.61973178,-10.70553377,3.61496,1.03794,0.76,2.28823,0.0249708024009658,0.014581519111212,0.0141083431552143,0.060606060606061,0.03495,0.04452,0.02498,0.01,0.408070285887186
"GRB060418",1.489,2.01325866528352,-5.079354999,0.814247596,1.7,21.65363309,-9.792961075,3.11887,1.47655,0.98,1.94118,0.1906297253529,0.0079942161609691,0.0141293055003077,0.036363636363636,0.049040000000001,0.057245,0.044705,0.005,0.396024896608593
"GRB060605",3.78,1.89817648349768,-6.156767222,-0.337242168,1.55,21.77333803,-11.26121944,4.04162,1.9179,0.835,2.02128,0.192243471662561,0.0339867861224412,0.0686631591438462,0.121212121212121,0.05315,0.037375,0.085,0.10149311,0.679427896612119
"GRB060614",0.125,2.03622954408629,-4.690369833,1.06069784,2.02,20.51216256,-11.78251606,5.03344,1.9453,0.783,1.89544,0.0132262962918867,0.00468356794668692,0.0169369126150239,0.024242424242424,0.0429,0.0289,0.05983,0.006,0.0511525224473813
"GRB060708",1.92,1.00860017176192,-6.306273051,0.28780173,1.68,20.79066861,-10.86966623,3.50569,1.12969,1.485,2.20484,0.153333382301668,0.019714017700399,0.0189944478152724,0.072727272727273,0.06115,0.062725,0.028525,0.3341015195,0.465382851448418
"GRB060714",2.711,2.06069784035361,-5.548213564,0.10720997,1.93,22.0125926,-10.86012091,3.73449,1.20488,0.87,2.04425,0.0344768087771092,0.0155321080197879,0.026732141383355,0.066666666666667,0.035200000000001,0.046765,0.035305,0.005,0.569490954348783
"GRB060729",0.54,2.0618293072947,-5.583359493,0.068185862,1.75,20.86562801,-11.15058059,5.1057,1.35481,1.317,1.92492,0.12770239254628,0.0212785639737521,0.0292454196396912,0.084848484848485,0.011600000000001,0.012825,0.013425,0.077392286,0.187520720836463
"GRB060906",3.686,1.63848925695464,-5.655607726,0.294466226,2.03,22.41960057,-11.8827287,4.33479,1.71887,1.06,2.07859,0.0815374132566299,0.0161974631827828,0.0374103845495022,0.066666666666667,0.08845,0.072145,0.169635,0.005,0.670802284260944
"GRB060908",1.8836,1.28555730900777,-5.552841969,0.481442629,1,21.80952201,-9.627087997,2.81918,1.38309,1.185,2.13395,0.0299356102082822,0.0104343479500535,0.0217168957598539,0.1818181818,0.045185,0.05993,0.04964,0.0034749535,0.459935016851525
"GRB060926",3.2,0.903089986991944,-6.659555885,0.037426498,2.54,22.50004427,-10.84771166,3.351,1.45111,1.357,2.00443,0.0658325115271916,0.0300466640198818,0.0338066318922117,0.139393939393939,0.08245,0.09927,0.11561,0.009157091,0.6232492903979
"GRB060927",5.47,1.35218251811136,-5.946921557,0.431363764,0.9,22.10710478,-10.77728353,3.15198,1.39098,0.83,1.94856,0.0249820977926045,0.0158391122565265,0.0165724044782448,0.2424242424,0.08115,0.108435,0.118785,0.178498106,0.8109042806687
"GRB061021",0.3463,1.66464197555613,-5.528708289,0.78604121,1.3,20.87141063,-10.04095861,3.23849,1.01707,0.785,1.99282,0.0507507175199213,0.00898111029446789,0.0116311570876723,0.036363636363636,0.0264,0.03399,0.010415,0.0168000365,0.129141845792285
"GRB061121",1.314,1.91009054559407,-4.863279433,1.324282455,1.41,21.75351565,-10.03011836,3.78753,1.35185,0.9485,1.90181,0.246407281873044,0.00382325157840621,0.0057382008275868,0.018181818181818,0.01265,0.01703,0.01585,0.0023582105,0.364363354615731
"GRB061201",0.111,-0.119186407719209,-6.476253533,0.586587305,0.81,21.16656331,-10.4134127,3.49343,1.98937,0.145,1.65934,0.0565465973564365,0.0212773562081293,0.0211385286996785,0.090909090909091,0.093649999999999,0.093885,0.169505,0.061048094,0.0457140589408676
"GRB070110",2.352,1.94645226501307,-5.790484985,-0.22184875,1.58,21.3989672,-11.04866248,4.26825,1.42725,1.186,2.08596,0.0711281657048759,0.0175472517755912,0.0526417554287148,0.072727272727273,0.05475,0.053995,0.046555,0.1216678795,0.525304009958239
"GRB070208",1.165,1.67851837904011,-6.351639989,-0.045757491,1.94,21.8647258,-10.86327943,3.44468,1.2125,1.14,2.20341,0.206015982011363,0.0597395201502247,0.0643399233100112,0.218181818181818,0.161899999999999,0.14114,0.06357,0.015,0.335457900689384
"GRB070223",1.6295,1.94694327069783,-5.769551079,-0.161150909,1.85,21.70173804,-11.86327943,4.22335,0.991734,1.03,2.25837,0.0396768796607278,0.0185794430922578,0.0572192992938745,0.072727272727273,0.16615,0.203105,0.079308,0.06,0.419873175149476
"GRB070306",1.4959,2.32118402730231,-5.269217724,0.609594409,1.66,22.44245468,-11.2737,4.86926,1.89982,0.831,1.94468,0.134263479543134,0.0139921394309921,0.0135807968501197,0.060606060606061,0.0335,0.02824,0.06188,0.001,0.397227181043161
"GRB070508",0.82,1.32014628611105,-4.707743929,1.382017043,1.1,21.89306622,-9.161150909,3.02525,1.37377,0.764,1.82568,0.015292234035637,0.00366612225284185,0.00666213086135178,0.06060606061,0.010795,0.01189,0.013355,5e-04,0.260071387985075
"GRB070521",2.0865,1.57863920996807,-5.096367484,0.814913181,1.1,22.27524914,-10.01233374,3.55243,1.44502,0.98,2.00022,0.032307204601571,0.00581622391039878,0.0108830581640121,0.1212121212,0.04901,0.04844,0.0562,0.147518075,0.489466281303128
"GRB070529",2.4996,2.03822263836872,-5.590066877,0.155336037,1.34,22.56252244,-10.24641694,3.09323,1.21432,0.76,1.97999,0.0794726285854208,0.0250918873122187,0.066262349503112,0.096969696969697,0.0552,0.068045,0.03501,0.015,0.544018407858776
"GRB070802",2.45,1.2148438480477,-6.552841969,-0.397940009,1.79,21.91375294,-11.6716204,3.92184,1.16348,0.78,1.99014,0.0799687771478019,0.0470015673425834,0.0658021942774571,0.163636363636364,0.17395,0.236245,0.2088785,0.045,0.537819095073274
"GRB070809",0.2187,0.113943352306837,-7,0.079181246,1.69,20.80619355,-11.9625735,4.18985,1.17521,0.396,1.37246,0.0907104153663573,0.0263208776911062,0.0438681294899875,0.133333333333333,0.1917,0.206985,0.395643,0.0595,0.0858968111315881
"GRB071003",1.60435,2.17609125905568,-5.080921908,0.799340549,1.36,20.86974084,-11.67760082,4.78411,1.97901,0.837,1.91015,0.0130126209865144,0.00951357025803561,0.0167116683927593,0.042424242424242,0.135899999999999,0.098505,0.183105,0.032,0.415699348887829
"GRB071020",2.145,0.6232492903979,-5.638272164,0.924279286,1.11,20.99642367,-9.169411331,2.311950854,1.119196934,0.844,1.59788,0.0601790284074954,0.0114438598661619,0.00940031346244879,0.03030303030303,0.035099822,0.039262062,0.011153209,0.001,0.497620649781288
"GRB071117",1.331,0.819543935541869,-5.619788758,1.053078443,1.57,22.04291793,-11.23542972,3.901990464,1.104952391,0.94,2.0457,0.120079755797505,0.0109670323640116,0.00931712485678028,0.036363636363636,0.101024385,0.117162967,0.089387802,0.01,0.367542273520577
"GRB080516",3.2,0.763427993562937,-6.585026652,0.255272505,1.82,22.03528962,-11.12090412,3.77452827,0.94016916,1.48,2.3315,0.0159503209463535,0.0404936579835962,0.0438681294956119,0.163636363636364,0.077803665,0.111057696,0.084888358,0.03,0.6232492903979
"GRB080810",3.35,2.02530586526477,-5.337242168,0.301029996,1.34,21.45079548,-9.931814138,3.2687548,1.44529526,1.079,2.11482,0.0177699795120678,0.0114438598573077,0.0263208776707413,0.036363636363636,0.031830706,0.039738688,0.036139295,0.0015,0.638489256954637
"GRB081007",0.5295,1,-6.148741651,0.414973348,2.51,21.69605744,-10.58502665,3.58176278,1.00469263,0.92,2.102,0.127558078761821,0.0296573269567103,0.0404936579835962,0.121212121212121,0.053161115,0.084284398,0.039134851,0.005,0.184549481320697
"GRB081008",1.9685,2.26834391395106,-5.366531544,0.113943352,1.69,21.1376737,-10.79317412,3.85550833,1.47398467,0.84,1.98207,0.0944541322655463,0.0122422686816868,0.0202468290074635,0.042424242424242,0.06052989,0.056285684,0.063988679,0.025,0.472537053262077
"GRB081029",3.8479,2.43136376415899,-5.677780705,-0.301029996,1.43,21.49704581,-11.86327943,4.48156171,2.51960373,0.87,1.95818,0.0734806588271915,0.0250675025476,0.105283510845884,0.109090909090909,0.083250805000001,0.04285341,0.169198521,0.001,0.685553652846326
"GRB081221",2.26,1.53147891704226,-4.742321425,1.260071388,1.21,21.57331844,-9.354577731,2.93195749,1.23586126,0.991,2.4947,0.0102431891749236,0.00436257641157646,0.00723101035445099,0.078787878787879,0.0249855,0.031176651,0.0128618565,5e-04,0.513217600067939
"GRB081230",2.1,1.78318869107526,-6.086186148,-0.15490196,1.97,20.67248024,-11.32975415,3.66959365,0.99376498,1.02,2.08621,0.0985519956186671,0.0256789050871822,0.037601253845672,0.096969696969697,0.070144399999999,0.08735027,0.040381418,0.02,0.491361693834273
"GRB090102",1.547,1.43136376415899,-7.167491087,0.740362689,1.36,21.72376179,-9.457174573,3.15380077,1.42487631,0.667,1.76997,0.0360303570746831,0.0116121519146922,0.0382849130488151,0.048484848484849,0.036239983,0.041590346,0.0217865955,0.0026734575,0.406028944963615
"GRB090205",4.6497,0.944482672150169,-6.721246399,-0.301029996,2.15,21.81792086,-11.3419886,3.70655,1.29089,1.01,2.03416,0.0885407574015026,0.0415592805603905,0.0526417554229422,0.139393939393939,0.13445,0.114585,0.084185,0.025,0.752025387323213
"GRB090423",8.26,1.01283722470517,-6.229147988,0.230448921,0.8,22.7516324,-11.2798407,3.91521772,1.43267533,0.77,1.8158,0.0447672759550477,0.017844662826724,0.0309657384870962,0.303030303030303,0.08569564,0.077643595,0.064053366,0.005,0.966610986681934
"GRB090510",0.903,-0.522878745280338,-6.468521083,0.986771734,0.98,20.64281656,-10.11463878,3.17793555,2.00074629,0.6405,1.75106,2.43249021405519,0.0309657384631377,0.0298484180185221,0.121212121212121,0.042229995000001,0.035002467,0.071440408,0.0084862475,0.27943878828702
"GRB090519",3.85,1.80617997398389,-5.920818754,-0.22184875,1.02,22.13069392,-11.76000021,3.44619,1.42452,0.63,1.46604,0.0559162050281416,0.0219340647449938,0.0877362590478575,0.121212121212121,0.21145,0.24029,0.3065,0.03,0.685741738602264
"GRB090530",1.266,1.68124123737559,-5.958607315,0.397940009,1.61,20.90942658,-11.16052195,3.6839464,0.88610581,1.09,2.03975,0.323703994596241,0.023928070636996,0.0315850532054756,0.103030303030303,0.089175625,0.115365029,0.0385142015,0.035,0.355259905527378
"GRB090618",0.54,2.05384642685225,-3.978810701,1.589949601,1.42,21.39200012,-9.640164518,3.67275453,1.30942861,0.8945,1.82831,0.00227712475567841,0.00250675025669951,0.00541303397652361,0.048484848484849,0.0096952545,0.014245613,0.010591616,0.0024826615,0.187520720836463
"GRB090812",2.452,1.82412583391655,-5.236572006,0.556302501,1.24,21.77771022,-10.16730017,3.52924,1.37252,0.53,1.88559,0.0954430381526363,0.00907616471193707,0.0146227098205568,0.03030303030303,0.10615,0.13258,0.08412,0.015,0.538070787043172
"GRB090927",1.37,0.342422680822206,-6.698970004,0.301029996,1.8,21.01785522,-11.6716204,4.20121889,1.13087741,0.92,2.06549,0.0791400972381197,0.0394813165061122,0.0263208776707413,0.121212121212121,0.076268475,0.093241949,0.074843971,0.01,0.374748346010104
"GRB091018",0.971,0.643452676486187,-5.853871964,1.012837225,1.77,21.19187281,-9.627087997,2.89655535,1.18074867,0.91,1.98015,0.0593271632865009,0.0188006269082896,0.0102217000672768,0.145454545454545,0.0242886035,0.034497878,0.016335114,0.002061639,0.294686624279443
"GRB091020",1.71,1.53907609879278,-5.431798276,0.62324929,1.53,21.70587483,-9.71219827,2.95265011,1.17417264,0.895,2.08587,0.0611908230521248,0.00711375072842337,0.0188006269394438,0.042424242424242,0.034480687,0.045271255,0.018244861,0.0021828875,0.432969290874406
"GRB091029",2.752,1.59328606702046,-5.619788758,0.255272505,1.46,21.45058625,-11.34678749,4.30368998,1.12123368,1.064,2.11535,0.0535069670726848,0.0109670323640116,0.0146227098318707,0.163636363636364,0.02563352,0.034224003,0.0267820245,0.002,0.574262829707027
"GRB091127",0.49,0.851258348719075,-5.045757491,1.667452953,2.05,20.87872913,-9.844663963,3.98466812,1.39581701,0.758,1.80187,0.00919722888036692,0.00877362590591064,0.0152830902683826,0.042424242424242,0.0185625155,0.021935207,0.013587309,0.00244132,0.173186268412274
"GRB050416A",0.6528,0.397940008672038,-6.435333936,0.688419822,3.08,21.75162856,-10.5559552,2.99481,0.842217,0.9,2.06183,0.0771432232470903,0.0265360347448561,0.0258893878930529,0.133333333333333,0.0484,0.070765,0.0149485,0.005,0.218220304175545
"GRB050820A",2.6147,1.41497334797082,-5.463441557,0.389166084,1.25,21.61964524,-10.01818139,3.750945731,1.136499703,0.9,1.96878,0.378773543258101,0.0185164313807078,0.0247093954042276,0.072727272727273,0.266741013,0.238477529,0.012525701,0.0405,0.558072259099146
"GRB050922C",2.198,0.653212513775344,-5.790484985,0.860936621,1.37,21.44930866,-9.477555766,2.52429,1.22035,1.064,2.2119,0.0434736058858943,0.0087736258877956,0.0116014887814568,0.036363636363636,0.031940000000001,0.034305,0.013275,0.013,0.504878459410216
"GRB051016B",0.9364,0.602059991327962,-6.769551079,0.113943352,2.4,21.71466751,-11.59006688,4.25742,1.14771,0.73,1.89482,0.0509829166417497,0.0340623123358059,0.0323949264119413,0.139393939393939,0.04535,0.058175,0.04854,0.005,0.286995073968852
"GRB051109A",2.346,1.5705429398819,-5.657577319,0.595496222,1.51,21.97057233,-10.51999306,3.91123,1.22299,1.06,2.06584,0.0827679937558025,0.0325421760411363,0.0460949380699723,0.121212121212121,0.048150000000001,0.04637,0.019155,0.0547943805,0.524525936626376
"GRB051221A",0.5465,0.146128035678238,-5.93930216,1.079181246,1.39,21.27394758,-11.69464863,4.20075,1.09586,0.89,2.0589,0.0635863098514522,0.00801070191251132,0.00855428525054755,0.036363636363636,0.063000000000001,0.085085,0.05576,0.005,0.189349924339198
"GRB060223A",4.41,1.05307844348342,-6.171984936,0.130333768,1.74,22.49782636,-10.9636,2.78682,1.1892,0.81,2.01015,0.0421049044083316,0.018772691379267,0.035094503628142,0.072727272727273,0.1982,0.23477,0.18005,0.045,0.733197265106569
"GRB060502A",1.5026,1.45331834004704,-5.63638802,0.227886705,1.46,21.45692297,-10.55284197,3.3865,0.897152,0.87,2.02719,0.150287880726656,0.0116222057308489,0.0327064160367775,0.048484848484849,0.05675,0.075085,0.0205255,0.015,0.398391440229475
"GRB060510B",4.9,2.43964842956347,-5.390405591,-0.244125144,1.78,22.00215742,-12.2656,4.43617,1.00735,1.38,2.1317,0.0335971370177898,0.0113820011696242,0.0507946762076895,0.048484848484849,0.2206,0.31628,0.2313695,0.03,0.770852011642144
"GRB060904B",0.703,2.23426412437879,-5.790484985,0.387389826,1.64,21.59122827,-11.11633856,3.87074,1.36265,1.58,2.18877,0.0287243616501434,0.0232338611473106,0.0226532144239483,0.084848484848485,0.08665,0.081295,0.04215,0.136141492,0.231214647962601
"GRB060912A",0.937,0.698970004336019,-5.869666232,0.933487288,1.74,21.36738202,-10.1079054,2.455171016,1.045731532,0.63,1.8948,0.050378159861502,0.0120881068052489,0.0134978859907368,0.054545454545455,0.147419953,0.156564864,0.0289377855,0.0785,0.287129620719111
"GRB061222A",2.088,1.85369821177617,-5.097453221,0.930949031,1.35,22.56660835,-9.954677021,3.92091,1.35061,0.86,1.92748,0.0973208923032497,0.00520487944706068,0.00802277632160302,0.024242424242424,0.02311,0.024435,0.018075,0.005,0.489677291663699
"GRB070714B",0.923,1.80617997398389,-6.142667504,0.431363764,1.36,21.64321572,-10.74232143,3.22974,1.64623,0.93,2.07429,0.0570608478015689,0.0329010971465546,0.0194969464449939,0.115151515151515,0.09935,0.0946,0.108425,0.005,0.28397928423848
"GRB070810A",2.17,1.04139268515822,-6.161150909,0.278753601,2.04,21.93100401,-10.77728353,3.36583,1.36994,1.02,2.17076,0.197037086504463,0.0228877197175498,0.0277061870402603,0.084848484848485,0.06175,0.07187,0.077915,0.01,0.501059262217751
"GRB080319C",1.95,1.53147891704226,-5.443697499,0.716003344,1.37,21.75037415,-8.91721463,3.19029,1.45203,1.94,1.61029,0.11349174293427,0.00731135491027843,0.0151851217320997,0.042424242424242,0.05004,0.04713,0.02854,0.199995173,0.469822015978163
"GRB080905B",2.374,2.10720996964787,-5.744727495,-0.301029996,1.78,22.33533151,-10.11125904,3.67820615,1.36946226,0.375,1.86248,0.0951998385488903,0.0292454196637412,0.0526417554229422,0.090909090909091,0.03236457,0.038825489,0.0333017515,0.00558525,0.528145078253106
"GRB080916A",0.6887,1.77815125038364,-5.397940009,0.431363764,1.17,21.7431239,-10.75269955,3.60698,0.998947,0.83,1.88453,0.045788373456409,0.00658021942774567,0.0194969464449939,0.127272727272727,0.0592,0.073495,0.0260505,0.01,0.227552503379865
"GRB081028A",3.038,2.41497334797082,-5.431798276,-0.301029996,1.25,20.90308999,-11.3994,4.75426,2.20023,0.945,2.51,0.0544346314310819,0.0142275014568467,0.0526417554229422,0.23030303030303,0.057200000000001,0.03025,0.054715,5e-04,0.60616631460762
"GRB081203A",2.1,2.46834733041216,-5.113509275,0.462397998,1.54,21.66176916,-10.9243983,4.02089,1.86904,0.82,2.03508,0.122562443756652,0.0102548874161921,0.0181523294379188,0.036363636363636,0.05695,0.03932,0.064395,0.0325,0.491361693834273
"GRB090418A",1.608,1.7481880270062,-5.337242168,0.278753601,1.48,22.02365981,-10.04720756,3.52813657,1.52909667,0.98,2.03408,0.0320230997075472,0.0114438598573077,0.0415592805603905,0.042424242424242,0.028659405,0.030759021,0.0421545135,0.003531332,0.416307587059883
"GRB090516A",4.109,2.32221929473392,-5.045757491,0.204119983,1.84,21.19589965,-11.27490548,4.33113504,1.76098314,0.502,2.09,0.13235641353242,0.0175472518118213,0.0329010970878163,0.066666666666667,0.03779605,0.029715315,0.0533515885,0.4790870845,0.708335902682263
"GRB091109A",3.076,1.68124123737559,-5.795880017,0.113943352,1.31,21.89596701,-11.14630179,3.37933883,1.06152816,0.89,1.96352,0.151171637016717,0.0329010970878164,0.0809873160298532,0.151515151515152,0.05941034,0.074268877,0.0337195715,0.03,0.610234175334389
"GRB091208B",1.063,1.17318626841227,-5.48148606,1.181843588,1.74,21.91211094,-10.18045606,3.31388094,1.1606541,0.86,2.03333,0.084460753389473,0.0159520470810336,0.0173163668998415,0.066666666666667,0.036806415,0.052928177,0.030502454,0.034663611,0.314499227973151
"GRB100316B",1.18,0.57978359661681,-6.698970004,0.113943352,2.23,21.41315218,-11.1481304,3.5543767,1.36246063,1.08,2.23535,0.0508837165997665,0.0263208776707414,0.0202468290074635,0.109090909090909,0.10431242,0.207348761,0.13322096,0.02,0.338456493604605
"GRB100425A",1.755,1.56820172406699,-6.327902142,0.146128036,2.42,20.53466438,-11.50168945,3.60199415,0.86819371,1.46,2.17077,0.0442926372645721,0.0504016806776366,0.0376012538165791,0.193939393939394,0.070859065000001,0.115125536,0.0550768945,0.035,0.440121603187804
"GRB100513A",4.772,1.92427928606188,-5.853871964,-0.22184875,1.62,22.05240534,-11.57186521,3.74522911,0.96306136,1.36,2.25722,0.0768849139149974,0.0188006269082896,0.0438681295239291,0.084848484848485,0.09817689,0.128616618,0.0615694365,0.025,0.761326322421457
"GRB100625A",0.452,-0.481486060122112,-6.638272164,0.414973348,0.9,20.33244048,-10.87942607,2.43862257,1.84657968,1.08,2.40449,0.0394813165366593,0.0228877197323238,0.0202468289917981,0.060606060606061,0.36164147,0.239414064,0.242981501,0.175,0.161966616364075
"GRB100704A",3.6,2.29556709996248,-5.22184875,0.633468456,1.73,21.52730245,-10.35163999,3.62503495,1.01294211,1.29,2.11575,0.0511462885111969,0.00877362590478576,0.0122422686816868,0.036363636363636,0.04763446,0.053639373,0.0181399595,0.01,0.662757831681574
"GRB100724A",1.288,0.146128035678238,-6.795880017,0.278753601,1.92,21.01720452,-10.67778071,2.86502502,1.11237691,0.83,1.94442,0.0483291324172893,0.0329010970878163,0.0277061870402603,0.127272727272727,0.14742817,0.168928757,0.0650028685,0.05,0.359456020120987
"GRB100814A",1.44,2.2417954312952,-5.045757491,0.397940009,1.47,20.89608288,-11.49349497,5.22729477,1.76532941,1.1425,1.89414,0.0235643330357211,0.00584908393727375,0.0210567021369837,0.024242424242424,0.043626359999999,0.035347138,0.0840151685,0.01745135,0.387389826338729
"GRB100816A",0.804,0.462397997898956,-5.698970004,1.037426498,0.73,21.34783526,-11.5559552,3.97801299,1.04455013,1.09,1.91138,0.0930248426037339,0.0131604388353707,0.00965903768348901,0.145454545454545,0.086749220000001,0.112014005,0.047175154,0.015,0.256236533205923
"GRB100901A",1.408,2.64246452024212,-5.677780705,-0.096910013,1.52,21.53188109,-11.34103516,4.91124,1.50754,1.075,1.98285,0.022321143869233,0.0376012538214001,0.0658021942265446,0.127272727272727,0.0283,0.02425,0.036255,5e-04,0.381656482585787
"GRB101219B",0.55,1.53147891704226,-5.677780705,-0.22184875,1.56,20.49692965,-11.99567863,4.42003952,0.66918137,0.94,1.85684,0.0692396240004128,0.0501350050952,0.131604388571787,0.096969696969697,0.089446274999999,0.166829365,0.0393906275,0.105,0.190331698170291
"GRB110106B",0.618,1.39445168082622,-5.698970004,0.322219295,1.76,21.29748256,-10.81530857,3.87203946,1.22519883,1.03,2.05121,0.291163238450461,0.0131604388353707,0.0376012538214001,0.066666666666667,0.045543555,0.058714404,0.049891228,0.005,0.208978517276253
"GRB110213A",1.46,1.68124123737559,-5.229147988,0.204119983,1.83,21.56708403,-9.896196279,3.84089,1.8412,1.1905,1.96436,0.144764827301084,0.017844662826724,0.0987032912634493,0.072727272727273,0.03588,0.023515,0.02785,0.2263626645,0.390935107103379
"GRB110422A",1.77,1.41329976408125,-4.387216143,1.487138375,0.86,22.02088312,-9.681936665,3.50066971,1.42239886,0.778,1.89199,0.00950159657821324,0.00641972626198059,0.00857357580456891,0.060606060606061,0.0241374065,0.029472713,0.022779716,0.005,0.442479769064449
"GRB110503A",1.613,1,-5,0.130333768,0.88,21.13638759,-9.08249449,2.54166555,1.14649063,0.687,1.90907,0.147896600345909,0.0105283510764424,0.0116981678760472,0.151515151515152,0.028998071,0.028887961,0.006289914,0.001,0.417139409727326
"GRB110715A",0.82,1.11394335230684,-4.928117993,1.731588765,1.25,22.0746007,-9.075720714,2.61109719,0.95853538,0.755,1.85342,0.133629071354847,0.00446116571350155,0.00537160769437218,0.072727272727273,0.0237765295,0.035600881,0.009554076,0.0015,0.260071387985075
"GRB110731A",2.83,1.58883172559421,-5.22184875,1.041392685,1.15,21.95954126,-12.08512818,5.08952072,1.42351927,0.39,1.85145,0.130539784508902,0.00438681295239289,0.0071784211910988,0.03030303030303,0.097418495,0.090702815,0.110855301,0.13,0.583198773968623
"GRB110818A",3.36,2.01283722470517,-5.397940009,0.204119983,1.58,22.06812647,-11.28316228,3.84627415,1.37167718,0.83,1.95985,0.0761271871007967,0.0131604388554913,0.0493516456317247,0.066666666666667,0.05514905,0.059648416,0.0673381895,0.01,0.639486489268586
"GRB111008A",4.9898,1.80250006776439,-5.27572413,0.806179974,1.86,22.17059025,-10.66756154,3.98993393,1.21584288,0.829,1.94053,0.0161841208073831,0.0148986100001386,0.0287884599735793,0.054545454545455,0.028511085,0.035676696,0.0273512905,0.001,0.777412321496744
"GRB111117A",2.211,-0.327902142064283,-6.853871964,0.130333768,0.65,21.35810434,-11.56224944,3.040958613,1.320391508,0.79,2.19593,0.049588674384036,0.0338411284349212,0.0389938929201578,0.133333333333333,0.1607292,0.16895411,0.11777667,0.045,0.506640305566503
"GRB111123A",3.1516,2.46239799789896,-5.13667714,-0.045757491,1.68,21.35034301,-11.60730305,4.42202873,1.46723371,1.25,2.55463,0.131921983971797,0.0108167990541397,0.029245419686369,0.042424242424242,0.07308827,0.070655771,0.1058841465,0.005,0.618215503279417
"GRB111209A",0.677,3.14612803567824,-4.443697499,-0.301029996,1.48,21.14009932,-9.057000407,4.13326,2.77382,0.2529,1.81212,0.00916727683500531,0.00731135491027843,0.0526417554229422,0.018181818181818,0.020989999999999,0.010455,0.04435,4.99999999999997e-05,0.224533062606086
"GRB120118B",2.943,1.36660971039243,-5.744727495,0.342422681,2.08,21.451745,-10.95467702,3.68307,1.0241,1.01,2.20884,0.366834332233384,0.0146227098318706,0.0358921059277238,0.066666666666667,0.1172,0.131765,0.077156,0.005,0.595826777073223
"GRB120327A",2.813,1.79865064544527,-5.443697499,0.591064607,1.52,22.16619025,-10.15181088,3.48517215,1.44859414,0.63,1.75797,0.0519338355291014,0.00731135491027843,0.0134978859962626,0.036363636363636,0.04362492,0.051679097,0.058002882,0.02,0.581266805273671
"GRB120404A",2.876,1.58771096501891,-5.795880017,0.079181246,1.85,21.70983536,-11.02687215,3.79948,1.90651,0.69,1.89579,0.179553274171887,0.0164505485439082,0.0438681294899875,0.078787878787879,0.11705,0.068285,0.121385,0.005,0.588383768378728
"GRB120729A",0.8,1.85430604180108,-5.619788758,0.462397998,1.62,21.34792103,-10.29756946,3.52138487,2.26312734,0.645,1.8831,0.223182009819715,0.0109670323640116,0.0181523294379188,0.048484848484849,0.06906832,0.047294772,0.130088482,0.013331067,0.255272505103306
"GRB120802A",3.796,1.69897000433602,-5.721246399,0.477121255,1.21,22.12127744,-11.17198494,3.53838419,0.54215516,0.91,2.03526,0.269476254022629,0.0415592805603905,0.017547251782744,0.284848484848485,0.07803221,0.220557212,0.11816229,0.055,0.680879174426811
"GRB120804A",1.3,-0.0915149811213502,-6.055517328,1.033423755,1.34,21.60814292,-9.76498948,2.56606,1.09546,0.86,2.05668,0.0446275444389484,0.014955044147845,0.0146227098447879,0.048484848484849,0.16554,0.17802,0.037085,0.015,0.361727836017593
"GRB120811C",2.671,1.42813479402879,-5.522878745,0.612783857,1.4,21.91722026,-10.14327111,3.15909591,1.01613299,0.65,1.92121,0.0598545187416093,0.026320877674116,0.0128394525239612,0.181818181818182,0.052946860000001,0.084200302,0.03800099,0.090734018,0.564784384503987
"GRB120907A",0.97,1.22788670461367,-6.173925197,0.462397998,1.73,21.0438101,-10.37675071,3.2113827,1.05329104,0.78,1.82021,0.0352171865726179,0.0432133812541372,0.0363046588758376,0.151515151515152,0.04130341,0.062296694,0.0286472705,0.005,0.294466226161593
"GRB120922A",3.1,2.2380461031288,-5.207608311,0.301029996,1.58,21.0163605,-10.59516628,3.59799,1.06622,1.17,2.06954,0.0759139130688025,0.0297171200079232,0.0263208776707413,0.218181818181818,0.16365,0.133375,0.03563,0.005,0.612783856719735
"GRB121128A",2.2,1.36735592102602,-5.161150909,1.11058971,1.32,22.04029767,-9.617982957,3.23392922,1.54546584,0.9455,1.98504,0.0303933846881756,0.0152584798116998,0.00816151246798215,0.109090909090909,0.0286900235,0.029795568,0.032445001,0.0103377205,0.505149978319906
"GRB130418A",1.218,2.47712125471966,-5.744727495,-0.22184875,2.07,21.12149747,-9.247183569,2.59006,1.28449,0.198,1.68684,0.0667193561745158,0.0292454196637412,0.0877362590478575,0.103030303030303,0.060470000000001,0.06867,0.031625,0.003,0.345961541813141
"GRB130420A",1.297,2.09166695759568,-5.148741651,0.531478917,1.52,20.79265849,-10.8728952,3.56731,0.914676,1.17,2.29559,0.0412728533604636,0.0111214976087664,0.0154828692315688,0.151515151515152,0.05505,0.08535,0.0286905,0.005,0.361160995195026
"GRB130511A",1.3033,0.734799829588847,-6.657577319,0.113943352,1.35,21.01365445,-10.51570016,2.65954,1.16497,0.65,2.06879,0.176931769753319,0.0478561412369649,0.0404936580149266,0.187878787878788,0.0838,0.089385,0.04916,0.01,0.362350507594848
"GRB130514A",3.6,2.3096301674259,-5.040958608,0.447158031,1.8,21.19799139,-10.7212464,3.68772,1.17745,0.65,2.0604,0.0272768816676426,0.00578480828803656,0.0282009404055501,0.03030303030303,0.078,0.078365,0.04188,0.08,0.662757831681574
"GRB130603B",0.356,-0.744727494896694,-6.200659451,0.806179974,0.82,21.35365854,-10.51286162,3.52927,1.50729,0.84,2.20112,0.0579060482701563,0.0125337512945695,0.0123379114172483,0.042424242424242,0.04335,0.045125,0.07082,0.0291441835,0.132259689531044
"GRB130604A",1.06,1.57634135020579,-5.853871964,-0.096910013,1.51,21.35024026,-8.316052869,2.071571247,1.742079764,0.98,2.08823,0.0525216608407296,0.0188006269082896,0.0658021942265446,0.072727272727273,0.166441725,0.100184013,0.041653571,0.015,0.313867220369153
"GRB130925A",0.347,2.25285303097989,-4.387216143,0.86332286,1.85,21.99154725,-10.62525165,5.84588,1.38344,1.5915,2.69002,0.00859100615953715,0.00641972626198059,0.0216335981082794,0.084848484848485,0.06235,0.06424,0.12684,0.206936072,0.129367595722986
"GRB131004A",0.717,0.187520720836463,-6.552841969,0.531478917,1.81,21.41915412,-9.847711656,3.06764,2.37965,1.09,2.21436,0.0920301716046755,0.0188006269370334,0.0154828692315688,0.066666666666667,0.339855,0.2446,0.27747,0.01,0.234770295160916
"GRB131105A",1.686,2.05037975626146,-5.148741651,0.544068044,1.45,21.32749584,-10.91009489,3.9488,1.19347,0.94,2.24976,0.01580476982291,0.018535829347944,0.0451215046497172,0.066666666666667,0.03335,0.047885,0.04544,0.005,0.429106008332697
"GRB140206A",2.73,1.97127584873811,-4.795880017,1.28780173,1.04,22.00531353,-9.730487056,3.59073,1.22509,0.672,1.88134,0.063811704280745,0.00493516456317247,0.00678373136259728,0.090909090909091,0.012995,0.021325,0.015545,0.0219023355,0.571708831808688
"GRB140423A",3.26,2.12710479836481,-5.026872146,0.322219295,1.33,21.81946365,-10.85078089,3.90552,1.18974,0.77,2.06486,0.0745819195240746,0.00840028010644005,0.0250675025476,0.036363636363636,0.05035,0.05495,0.045115,0.149849463,0.629409599102719
"GRB140430A",1.6,2.23954972084047,-5.958607315,0.397940009,2,21.67796993,-11.36251027,4.14388,0.875171,1.03,2.15785,0.00923562857548502,0.0478561412739919,0.0210567021369837,0.133333333333333,0.0861,0.13071,0.0833725,0.035,0.414973347970818
"GRB140506A",0.889,2.04571405894087,-5.552841969,1.037426498,1.68,21.81764402,-9.903089987,3.30686,0.948932,0.9,1.74751,0.0373575732797357,0.0282009404055501,0.0217328347878503,0.096969696969697,0.05516,0.06882,0.01557,0.047966029,0.276231957921834
"GRB140509A",2.4,1.3654879848909,-5.920818754,0.204119983,1.59,20.90144742,-11.09770006,3.58709,1.40649,0.86,1.93407,0.096801936547154,0.0438681294899875,0.0658021941756327,0.121212121212121,0.083950000000001,0.088715,0.10418,0.22,0.531478917042255
"GRB140512A",0.725,2.18977095634687,-4.853871964,0.832508913,1.45,21.32824297,-9.504455662,3.53686,1.25134,0.871,1.84304,0.0134302087546028,0.00564018807248688,0.0116121519146922,0.024242424242424,0.01504,0.022285,0.02006,0.002482817,0.236789099409293
"GRB140629A",2.275,1.6232492903979,-5.619788758,0.62324929,1.86,21.74269921,-9.847711656,2.85608,1.16056,0.815,1.95996,0.119342969855398,0.0219340647280231,0.0250675025859251,0.066666666666667,0.042785,0.06161,0.03501,0.0016785515,0.515211304327802
"GRB141004A",0.573,0.593286067020457,-6.173925197,0.785329835,1.86,21.49730845,-10.61083392,3.30337,1.54959,1.08,1.79496,0.118918281419752,0.0117854676147647,0.0129446939467666,0.048484848484849,0.085299999999999,0.081935,0.09774,0.005,0.196728722623287
"GRB141121A",1.47,2.74028371968188,-5.27572413,-0.045757491,1.73,21.59590717,-12.65757732,5.76634,2.33322,0.82,1.93447,0.0298708467601578,0.0198648133335181,0.0877362590591065,0.078787878787879,0.1675,0.090095,0.2969,0.01,0.392696953259666
"GRB141220A",1.3195,0.857935264719429,-5.585026652,0.949390007,0.62,21.48574413,-9.872830386,2.77561,1.42066,1.1,1.80565,0.0285379269705628,0.0101234144958991,0.020701813897427,0.23030303030303,0.042455,0.057375,0.050735,0.07,0.365394376854778
"GRB150120B",3.5,1.38560627359831,-6.26760624,0.079181246,2.2,21.52664292,-10.79048499,3.39431,1.17705,0.92,2.01678,0.0605561232005338,0.0389938928598178,0.0438681294899875,0.151515151515152,0.0711,0.090535,0.057705,0.005,0.653212513775344
"GRB151021A",2.33,2.04218159451577,-4.552841969,0.986771734,1.57,22.33647975,-9.642065153,3.15765,1.33346,1.27,1.96079,0.0143797213277669,0.00940031346851669,0.021707940377107,0.024242424242424,0.06282,0.05208,0.02141,0.04,0.52244423350632
"GRB151027A",0.81,2.11290649025331,-5.107905397,0.832508913,1.72,21.65076489,-9.935542011,3.99907,1.74508,0.9235,2.00612,0.018335078259774,0.00674894299290958,0.0232243038293844,0.03030303030303,0.02221,0.01731,0.02499,0.0024409705,0.257678574869184
"GRB151031A",1.167,0.698970004336019,-6.494850022,0.230448921,2.41,21.98623592,-11.5214335,3.69323,0.897942,1.24,2.12551,0.194222396757745,0.0246758228535885,0.0309657384870962,0.109090909090909,1.01707,0.166825,0.1244685,0.01,0.335858911319818
"GRB151112A",4.1,1.28600712207947,-6.026872146,0.278753601,1.77,21.0151543,-11.6171,4.43227,1.1526,1.24,2.17922,0.543566918273972,0.0336011204257601,0.0277061870402603,0.127272727272727,0.0472,0.063015,0.06854,0.005,0.707570176097936
"GRB160203A",3.52,1.30535136944662,-5.920818754,0.113943352,1.93,22.0158332,-11.36754271,3.66139836,1.146279559,0.61,1.75592,0.0695758260297261,0.0219340647449938,0.0809873160298532,0.121212121212121,0.08458679,0.087010427,0.0601909,0.25,0.655138434811382
"GRB160227A",2.38,2.50037371435337,-5.508638306,-0.22184875,0.75,21.4198963,-10.99567863,4.47751,1.10229,0.679,1.72551,0.103418641389387,0.0169812114071368,0.0438681295239291,0.309090909090909,0.030550000000001,0.03885,0.03434,0.001,0.528916700277655
"GRB160804A",0.736,2.15896526038341,-4.943095149,0.462397998,1.4,21.30214687,-11.5214335,4.38419,0.948229,0.92,1.87827,0.0579152246029259,0.00692654676618381,0.0272284941568783,0.139393939393939,0.05875,0.095375,0.070062,0.005,0.239549720840473
"GRB161108A",1.159,2.02160271602824,-5.958607315,-0.22184875,1.85,21.16074757,-11.81247928,4.69106,0.883711,0.84,2.00325,0.0491496346215649,0.023928070636996,0.0438681295239291,0.103030303030303,0.133550000000001,0.18179,0.0812555,0.005,0.334252642334231
"GRB161129A",0.645,1.55059520748933,-5.443697499,0.531478917,1.57,21.51361441,-10.43651891,3.70506,2.32574,0.71,1.74506,0.0255903856452399,0.00731135491027843,0.0154828692315688,0.036363636363636,0.106249999999999,0.050725,0.10628,0.005,0.216165902285993
"GRB170519A",0.818,2.33525725643453,-5.958607315,-0.15490196,1.94,21.33992622,-11.06348626,4.1513,1.37345,0.975,1.97351,0.0991498518259656,0.0478561412739919,0.037601253845672,0.157575757575758,0.053,0.052235,0.066745,0.2244236125,0.259593878885949
"GRB170705A",2.01,2.33705972632052,-5.022276395,1.1430148,1.65,21.08891889,-10.18641901,3.63746,0.774169,0.66,1.89159,0.0361306862562471,0.00831185611850908,0.00757435329683621,0.03030303030303,0.04055,0.06603,0.027333,0.005,0.478566495593843
"GRB170903A",0.886,1.46538285144842,-5.619788758,0.591064607,1.94,21.73970839,-11.26042766,4.41384,0.971187,1.14,2.20256,0.0534696644965196,0.0219340647280231,0.0337447149906566,0.072727272727273,0.04095,0.065935,0.051271,0.005,0.27554168840131
"GRB171222A",2.409,2.24254142829838,-5.721246399,-0.15490196,2.07,20.02880298,-12.10957898,4.78231,0.718496,1.34,1.99001,0.0563106258474534,0.0277061870402603,0.0752025076913433,0.103030303030303,0.209750000000001,0.378455,0.126956,0.015,0.532627001228891
"GRB180205A",1.409,1.19033169817029,-6,0.531478917,2.04,21.4933967,-10.30627305,3.21372,1.09633,1.03,1.88733,0.0875106835160412,0.0263208776911062,0.0232243038473533,0.078787878787879,0.06455,0.088815,0.042095,0.005,0.381836799998343
"GRB180404A",1,1.54654266347813,-5.886056648,0.113943352,1.95,20.48730103,-11.62342304,4.20449,1.17089,0.72,1.62007,1.08507712688945,0.0202468290074633,0.0404936580149266,0.072727272727273,0.066100000000001,0.1242,0.10229,0.065,0.301029995663981
"GRB180620B",1.1175,2.29841638006129,-5,0.556302501,1.3,21.21643247,-10.98296666,4.6659,1.09835,0.9,1.99236,0.0599542916157573,0.00789626330733186,0.0146227098205568,0.121212121212121,0.0437,0.067125,0.059445,0.005,0.325823419002744
"GRB180728A",0.117,0.938519725176492,-4.528708289,2.120573931,1.97,21.58733599,-9.42365865,3.8695,1.1986,0.8595,1.70111,0.0148761559934817,0.00533531304621856,0.00578261707124149,0.018181818181818,0.009885,0.014745,0.0091,0.0424864935,0.0480531731156091
"GRB181010A",1.39,1.2148438480477,-6.161150909,0.146128036,1.52,22.27837171,-9.928117993,3.15711,1.07011,1.115,1.76613,0.0580681587807509,0.0267023396704747,0.0376012538165791,0.090909090909091,0.034615000000001,0.057805,0.033375,0.007041969,0.378397900948138
"GRB181020A",2.938,2.37657695705651,-5.091514981,0.886490725,1.25,20.65703194,-10.42365865,4.29043,2.64643,1.228,1.93674,0.0211468897130007,0.00974847321620432,0.0102548874161921,0.036363636363636,0.1418,0.047555,0.091985,0.029531206,0.595275711802099
"GRB181110A",1.505,2.14113609012074,-5.004364805,0.568201724,2.02,20.88432911,-10.39577395,3.7664,1.92336,1.7505,1.76057,0.0342910112558327,0.00797602353536826,0.0213412521852701,0.03030303030303,0.0907,0.05473,0.07443,0.141485526,0.398807730203264
"GRB190719C",2.469,2.26881190373978,-5.29242982390206,0.740362689494244,1.64,20.9538258694985,-11.257,4.88123,1.55953,1.09,1.5415,0.022660222345864,0.0255467342296028,0.0236887899219955,0.09,0.2175,0.1943,0.21085,0.27,0.54020429984206
"GRB190829A",0.0785,1.76492298464989,-5.19382002601611,1.25527250510331,2.56,22.049100010378,-8.58538291,3.40640655,1.18850034,1.16,2.0913,0.06607336880352,0.0475009589581678,0.0651441722854872,0.21,0.0077359,0.00974555,0.00361642,0.065,0.0328201494385639
"GRB191011A",1.722,0.867467487859051,-6.48148606012211,0.255272505103306,1.94,21.6503347264086,-10.8132081,3.15321333,1.30602449,0.9,1.81479,0.0559978453676167,0.0526417553822121,0.0482549424336947,0.17,0.05719327,0.06597695,0.05756962,0.45,0.434888120867316
"GRB201014A",4.56,1.55870857053317,-6.50863830616573,-0.522878745280338,2.55,22.1524656960528,-11.0529,3.37597,0.742849,1.05,1.97336,0.0972677373788299,0.098066495913638,0.289529654602168,0.37,0.14198,0.296352,0.0811106,0.86,0.745074791582057
"GRB201020A",2.903,1.15136985024746,-6.03621217265444,0.322219294733919,2.25,20.9325848608536,-11.0900559,3.96908872,1.55158826,0.9,2.0761,0.145589617990142,0.0330441453622036,0.0413613792288811,0.14,0.04915322,0.04826492,0.08306159,0.5,0.591398551281249
"GRB210210A",0.715,0.819543935541869,-6.0087739243075,0.845098040014257,1.53,21.1231954587923,-10.1403778,3.72413045,1.5451851,1,1.85188,0.0387784332688485,0.0354526107676119,0.0310210344216608,0.58,0.05799791,0.08857348,0.10645081,0.195,0.234264124378789
"GRB210222B",2.198,1.1078880251828,-6.46852108295774,0.146128035678238,2.37,21.1461280356782,-10.4520599,3.24642494,1.37828029,1.5,1.98,0.0434988898348922,0.0894135698036097,0.0930631032649825,0.33,0.04184217,0.04927183,0.005516005,0.55,0.504878459410216
"GRB210411C",2.826,1.10720996964787,-5.92081875395237,0.681241237375587,1.6,21.0599645857867,-9.72925773,2.93128506,1.16829405,0.56,1.88408,0.0202577864930924,0.0361912068252705,0.0271434051189532,0.4,0.05048963,0.05901459,0.03209979,0.23,0.582744965691277
"GRB210517A",2.486,0.48572142648158,-6.82390874094432,0.176091259055681,1.85,21.1576833762698,-10.8415194,3.057651,1.21043545,0.71,1.71079,0.199990220130316,0.0868588963806507,0.0579059309204336,0.25,0.25872455,0.32132806,0.08060357,0.21,0.542327382773974
"GRB210610A",3.54,1.13417710757677,-6,0.380211241711606,1.41,21.3533795197779,-10.4044334,3.15453451,1.0816785,0.93,1.83562,0.100484314138014,0.0434294481903252,0.072382413650542,0.19,0.85146569,1.28215864,0.07850685,0.17,0.657055852857104
"GRB210619B",1.937,1.78461729263288,-4.02227639471115,2.06069784035361,1.41,21.8343030530778,-8.55006175,2.91049117,1.12578835,0.846,1.92306,0.00197833385631562,0.00457152086213947,0.00830824226249702,0.02,0.01027813,0.01099582,0.00437126,0.1005,0.4679039465228
"GRB210722A",1.145,1.70070371714502,-5.60205999132796,0.342422680822206,1.62,20.5405897231745,-10.3507,3.6504,1.43908,0.87,1.83712,0.0911698773639907,0.0347435585522599,0.0987032913416482,0.14,0.0364819,0.0395981,0.048071,0.24,0.331427296520743
"GRB211024B",1.1137,2.78067727443337,-5.16749108729376,-0.045757490560675,1.63,20.9867717342662,-8.56429146,3.43921565,1.92622006,1.07,2.08,0.0148638654795953,0.0191600506722021,0.0965098848673893,0.09,0.01916437,0.01167528,0.00965772,0.055,0.325043347403704
"GRB220117A",4.961,1.69731654173238,-5.79588001734407,0.278753600952829,1.84,21.9953293260505,-10.1070569,3.43803362,1.68612083,0.8,1.78537,0.0299157959416651,0.0542868102379058,0.0914304172427899,0.18,0.05084186,0.04500955,0.06200239,0.115,0.775319121829478
"GRB230325A",1.664,1.58035466110659,-5.88605664769316,0.518513939877887,1.82,22.2291825133968,-10.9066853,3.7823081,0.931411844,1,2.0855,0.131947893490027,0.0668145356774229,0.0526417553822124,0.18,0.1875455,0.20042492,0.05714513,0.45,0.425534220498263
"GRB230328B",0.09,1.28397928423848,-5.36653154442041,0.924279286061882,1.22,21.1458043657072,-10.1038,3.66388,1.20938,0.9,1.89331,0.0861743624814219,0.0201997433443371,0.0258508620180507,0.29,0.0267,0.03231,0.02421,0.55,0.0374264979406237
"GRB230414B",3.568,1.41463914673701,-6.32790214206428,-0.221848749616356,1.6,21.6922439503346,-11.9505263,4.8792574,2.06160972,1.1,2.02038,0.148027729903453,0.0924030812560105,0.144764827301084,0.3,0.11074106,0.069549,0.21988187,0.6,0.659726095237792
"GRB230506C",3.7,1.49136169383427,-5.76955107862173,0.380211241711606,1.89,20.9612478163493,-11.4531,4.25859,1.14181,0.9,2.08995,0.088603854068197,0.0510934684592066,0.0904780170631775,0.17,0.1023,0.11841,0.11299,0.55,0.672097857935718
"GRB230818A",2.42,0.99211148778695,-5.72124639904717,0.826074802700826,1.36,21.313774448533,-11.0883,3.9564,1.39195,1.19,2.00403,0.0552798328546417,0.0228576043106974,0.0324100359629293,0.1,0.2044,0.12794,0.19715,1.14,0.534026106056135
